index,Symbol,TimeStamp,Close,Open,High,Low,ema9,ema21,ema50,ema200,vwap,ATR,K_slow,D_slow,ST_Lowerband,ST_Upperband,Position,Value,OrderType,P/L
32,TSLA,12-30-2022 12:40:00 PM,121.75,121.75,121.81,121.63,121.79462292979608,121.7159387701128,121.58877842523849,121.48017429772281,121.54843999825924,0.31571428571428684,58.57130550889436,70.26440828372702,121.60879864560036,,5,608.75,SELLSHORTSTOCK,0.0
48,TSLA,12-30-2022 01:12:00 PM,121.26,121.17,121.43,121.14,121.3216304903238,121.46610020090564,121.52195025799097,121.47963167145738,121.53413176674681,0.259285714285716,13.084112149532404,14.39484028817451,,121.52572237851166,-5,-606.3000000000001,BUYTOCOVERSTOCK,2.449999999999932
50,TSLA,12-30-2022 01:16:00 PM,121.13,121.15,121.31,121.08,121.25584351380724,121.40942165364102,121.49256538617313,121.47290546821574,121.52261242639787,0.25500000000000156,9.0974965475159,11.237017531228412,,121.4813499488907,5,605.65,SELLSHORTSTOCK,0.0
80,TSLA,12-30-2022 02:16:00 PM,120.99,121.04,121.1,120.94,121.04087112603071,121.13038461959717,121.25204921888414,121.39201895095341,121.39524263201027,0.21571428571428544,11.904761904762312,36.2096044680316,,121.21775619400726,-5,-604.9499999999999,BUYTOCOVERSTOCK,0.7000000000000455
257,TSLA,01-03-2023 08:10:00 AM,118.0,118.41,118.5,117.98,119.9825747681428,121.4464419981119,122.31423050004996,122.44680215914111,121.81385125138036,0.6964285714285704,24.272770624702,56.96202057360887,,119.34305162492878,5,590.0,SELLSHORTSTOCK,0.0
286,TSLA,01-03-2023 09:08:00 AM,118.96,118.72,119.05,118.72,118.73373924124743,118.7421296141486,119.66200581335231,121.42606509842396,121.7480339045178,0.38285714285714484,75.41666666666637,76.37491536744278,118.5244443065996,,-5,-594.8,BUYTOCOVERSTOCK,-4.7999999999999545
420,TSLA,01-03-2023 01:36:00 PM,105.74,105.5,105.75,105.45,105.4004663515818,105.3747049511162,106.05032064229933,111.63889713538047,114.09651681057696,0.3421428571428576,78.36257309941497,44.54168363934128,105.22159559322925,,-5,-528.6999999999999,BUYSTOCK,0.0
470,TSLA,01-03-2023 03:16:00 PM,108.06,107.72,108.48,107.61,107.92411194040255,107.86676930139826,107.37069460403755,109.91603602116368,112.99536576172707,0.5707142857142884,37.788986316960234,50.38319085308543,,108.17764091127462,5,540.3,SELLSTOCK,11.600000000000023
485,TSLA,01-03-2023 03:46:00 PM,107.99,107.85,108.16,107.75,107.95233127296856,107.93406992494758,107.63042247462366,109.64056664023074,112.76726622928352,0.5021428571428572,42.311785049215196,43.055092573727464,,108.37988651036189,5,539.9499999999999,SELLSHORTSTOCK,0.0
index,Symbol,TimeStamp,Close,Open,High,Low,ema9,ema21,ema50,ema200,vwap,ATR,K_slow,D_slow,ST_Lowerband,ST_Upperband,Position,Value,OrderType,P/L
62,QQQ,12-30-2022 01:16:00 PM,264.01,264.13,264.21,264.0,264.1995968623868,264.26735653711927,264.2469967200715,264.13581578064776,264.1183876970413,0.2557142857142968,11.594202898549286,32.73432978581747,,264.35735928014356,5,1320.05,SELLSHORTSTOCK,0.0
156,QQQ,12-30-2022 04:24:00 PM,266.89,266.93,266.96,266.89,266.75782062836464,266.2677685348415,265.38602970924114,264.39027002440423,264.63129546912904,0.17571428571429237,97.18050489880586,97.65072751286672,266.67201604724164,,-5,-1334.4499999999998,BUYTOCOVERSTOCK,-14.399999999999864
182,QQQ,12-30-2022 05:16:00 PM,266.61,266.64,266.64,266.61,266.64573568595677,266.6509711065483,266.24929523407707,264.9292653593093,264.65817374795347,0.03857142857143003,10.867446393766956,9.660029817927972,,266.6865546082626,5,1333.0500000000002,SELLSHORTSTOCK,0.0
255,QQQ,01-03-2023 08:06:00 AM,268.42,268.52,268.56,268.41,267.7799749451096,267.3512612085738,267.04088881605793,265.96735636443265,264.6867715735043,0.3007142857142761,66.58036774315924,81.92566071055089,267.89340297787516,,-5,-1342.1000000000001,BUYTOCOVERSTOCK,-9.049999999999955
403,QQQ,01-03-2023 01:02:00 PM,262.7,262.76,262.84,262.68,262.6806847492588,262.79186281133474,263.17945076617855,264.89571676044284,265.0202412450125,0.29071428571429336,43.70860927152385,31.019601985095655,262.38773682892105,,5,1313.5,SELLSHORTSTOCK,0.0
407,QQQ,01-03-2023 01:10:00 PM,262.56,262.62,262.67,262.47,262.6298484732965,262.73115826195937,263.09421148555924,264.80587618174553,265.0048280344178,0.27714285714286496,29.359823399558334,29.646799116998118,262.38773682892105,,-5,-1312.8,BUYTOCOVERSTOCK,0.7000000000000455
419,QQQ,01-03-2023 01:34:00 PM,263.4,263.38,263.45,263.28,263.08917882996235,262.90122398386785,263.02593847636,264.58814715363604,264.9547028024215,0.29428571428572275,85.71428571428349,53.163745504098436,262.9770284531067,,5,1317.0,SELLSHORTSTOCK,0.0
487,QQQ,01-03-2023 03:50:00 PM,264.53,264.46,264.74,264.46,264.4884849146349,264.4692101905098,264.21389535918354,264.3362290779267,264.83103345114836,0.28714285714286397,28.201799930771227,40.76811343376408,264.38203128536617,,-5,-1322.6499999999999,BUYTOCOVERSTOCK,-5.649999999999864
490,QQQ,01-03-2023 03:56:00 PM,264.48,264.55,264.81,264.31,264.5057842762931,264.48368909880526,264.24952360036934,264.3419480301126,264.82732373571645,0.3278571428571532,35.576923076922945,35.88628010062333,264.38203128536617,,5,1322.4,SELLSHORTSTOCK,0.0
492,QQQ,01-03-2023 04:00:00 PM,264.46,264.55,264.64,264.43,264.5021019368276,264.48618933785554,264.2687220932283,264.3450737343256,264.82138613744826,0.3235714285714388,32.87879254265716,31.573004573640617,264.38203128536617,,-5,-1322.3,BUYTOCOVERSTOCK,0.10000000000013642
index,Symbol,TimeStamp,Close,Open,High,Low,ema9,ema21,ema50,ema200,vwap,ATR,K_slow,D_slow,ST_Lowerband,ST_Upperband,Position,Value,OrderType,P/L
28,NVDA,12-30-2022 11:06:00 AM,143.98,143.96,144.06,143.82,144.0321794275024,144.0259564098689,143.94344461823434,143.80669051585107,144.06287740630265,0.33499999999999985,43.981481481480365,,,144.31169962819263,5,719.9,SELLSHORTSTOCK,0.0
71,NVDA,12-30-2022 12:32:00 PM,144.64,144.61,144.69,144.54,144.60676561073674,144.53060842680446,144.32922725822277,143.98087812763634,144.12170723886837,0.19857142857142865,53.571428571428704,74.01121509716424,144.49465400539333,,-5,-723.1999999999999,BUYTOCOVERSTOCK,-3.2999999999999545
112,NVDA,12-30-2022 01:54:00 PM,144.24,144.18,144.25,144.17,144.21055706165214,144.2628417881337,144.35052817659638,144.1357727303331,144.21275819933825,0.20214285714285804,54.24242424242428,48.514993714966565,144.0219167174637,,5,721.2,SELLSHORTSTOCK,0.0
238,NVDA,12-30-2022 06:58:00 PM,146.36,146.37,146.37,146.36,146.3335694344513,146.33862016584794,146.22270580860277,145.2788777471217,144.66327069006178,0.052857142857143505,56.410256410259215,36.14493614493882,146.29819348431553,,-5,-731.8000000000001,BUYTOCOVERSTOCK,-10.600000000000023
300,NVDA,01-03-2023 09:36:00 AM,147.61,148.4,148.68,147.3,148.22118273651347,148.32088478658798,148.01704675180605,146.500888774736,144.90366111541573,0.5821428571428494,38.1578947368427,59.36299686414118,,148.4439122014263,5,738.0500000000001,SELLSHORTSTOCK,0.0
371,NVDA,01-03-2023 11:58:00 AM,141.49,141.41,141.52,141.18,141.59547624224,141.79802218009294,142.65547617573552,144.77933984226192,144.5463470193372,0.4885714285714308,34.12698412698398,34.292962707632526,,141.88386865466026,-5,-707.45,BUYTOCOVERSTOCK,30.600000000000023
485,NVDA,01-03-2023 03:46:00 PM,143.03,143.24,143.32,142.96,143.25044557458796,143.25144327225996,143.01536764119538,143.3166731824224,144.0762982604193,0.3257142857142798,26.60644384221654,46.39478853520317,,143.51888996619297,5,715.15,SELLSHORTSTOCK,0.0
490,NVDA,01-03-2023 03:56:00 PM,143.12,143.22,143.53,143.0,143.212792405881,143.23282343621582,143.04986433944578,143.31134470702236,144.06025055187285,0.3328571428571386,18.749999999998952,31.41846803192176,,143.5150009695737,-5,-715.6,BUYTOCOVERSTOCK,-0.4500000000000455
index,Symbol,TimeStamp,Close,Open,High,Low,ema9,ema21,ema50,ema200,vwap,ATR,K_slow,D_slow,ST_Lowerband,ST_Upperband,Position,Value,OrderType,P/L
5,SPY,12-30-2022 11:10:00 AM,380.59,380.49,380.65,380.36,380.45869760000005,380.41571359383045,380.39095835716114,380.3755062656683,380.45771301893336,,,,,,-5,-1902.9499999999998,BUYSTOCK,0.0
31,SPY,12-30-2022 12:02:00 PM,380.61,380.74,380.85,380.56,380.48477663104313,380.37308823522994,380.32741757312704,380.34622748169795,380.25984564301785,0.24857142857143394,84.82384823848254,70.74675526251356,380.39456569125366,,5,1903.0500000000002,SELLSTOCK,0.1000000000003638
33,SPY,12-30-2022 12:06:00 PM,380.58,380.72,380.76,380.46,380.54145704386764,380.4205687894462,380.35211441487047,380.35223569967883,380.2746987841201,0.2442857142857154,81.84281842818412,73.53657760518101,380.39456569125366,,5,1902.8999999999999,SELLSHORTSTOCK,0.0
43,SPY,12-30-2022 12:26:00 PM,380.85,380.84,380.92,380.79,380.7621090827501,380.6258682981881,380.4794144490525,380.38809549753125,380.35690822816446,0.23214285714284902,91.13924050633197,80.6143349545761,380.59546322039944,,-5,-1904.25,BUYTOCOVERSTOCK,-1.3500000000001364
46,SPY,12-30-2022 12:32:00 PM,380.68,380.78,380.88,380.67,380.7297198503681,380.64293636227507,380.5036656377757,380.39712062072124,380.3753463056628,0.2421428571428521,66.244725738397,78.49605427809918,380.59546322039944,,5,1903.4,SELLSHORTSTOCK,0.0
248,SPY,12-30-2022 07:52:00 PM,383.13,383.11,383.16,383.11,383.08732651888533,383.0753742116822,383.0135247529724,381.9696447241502,381.29665846180757,0.07571428571428994,88.42494714587811,81.51260668702798,383.04938445615124,,-5,-1915.65,BUYTOCOVERSTOCK,-12.25
403,SPY,01-03-2023 01:02:00 PM,378.52,378.63,378.69,378.47,378.54151647008393,378.77299410087346,379.31770191102123,381.10785437819186,381.3262896487712,0.3871428571428502,37.442922374429834,22.84627092846348,378.074107892947,,5,1892.6,SELLSHORTSTOCK,0.0
419,SPY,01-03-2023 01:34:00 PM,379.43,379.41,379.5,379.31,379.13004735575663,378.9218869638527,379.1089107427891,380.77110591422326,381.27002859123036,0.3321428571428555,86.490081412682,59.128464380543754,378.9710710451649,,-5,-1897.15,BUYTOCOVERSTOCK,-4.550000000000182
448,SPY,01-03-2023 02:32:00 PM,378.52,379.0,379.07,378.44,379.0337951530663,379.20324065378077,379.24783238635473,380.41372425858043,381.17904921810805,0.3535714285714237,11.443461618041189,26.04469887121085,,379.15962854474714,5,1892.6,SELLSHORTSTOCK,0.0
490,SPY,01-03-2023 03:56:00 PM,380.91,380.88,381.22,380.5,380.7732515157939,380.58521960136096,380.1987848849366,380.35777498439955,381.0806529440448,0.42357142857142094,79.18395210838624,66.74686996269195,380.4204093785649,,-5,-1904.5500000000002,BUYTOCOVERSTOCK,-11.950000000000273
index,Symbol,TimeStamp,Close,Open,High,Low,ema9,ema21,ema50,ema200,vwap,ATR,K_slow,D_slow,ST_Lowerband,ST_Upperband,Position,Value,OrderType,P/L
17,NFLX,12-30-2022 09:20:00 AM,286.75,286.75,286.75,286.75,286.8099579897074,286.7660964432528,286.7296988927003,286.7072674444171,286.74160672329657,0.2671428571428415,,,,287.01029224824043,5,1433.75,SELLSHORTSTOCK,0.0
70,NFLX,12-30-2022 11:06:00 AM,289.64,289.31,289.81,289.11,289.32666304666935,288.5719651930303,287.50802110443556,286.80235527949657,286.36135316881735,0.6271428571428552,76.34619375965701,86.36836745928989,288.9226847544461,,-5,-1448.1999999999998,BUYTOCOVERSTOCK,-14.449999999999818
98,NFLX,12-30-2022 12:02:00 PM,290.88,290.87,291.11,290.75,290.9317300842068,290.63047282430097,289.60376019042656,287.70651684037546,287.44421813977846,0.48714285714285666,69.51672862453556,75.95562641362808,290.5606105743676,,5,1454.4,SELLSHORTSTOCK,0.0
180,NFLX,12-30-2022 02:46:00 PM,291.26,291.04,291.6,291.04,291.0663672728886,290.83980196362194,290.6841115764153,289.4160752450949,288.6020501606894,0.35428571428571687,80.63402385436252,85.70043785993207,290.9346688909665,,-5,-1456.3,BUYTOCOVERSTOCK,-1.8999999999998636
373,NFLX,01-03-2023 11:58:00 AM,291.92,291.94,292.15,291.54,291.67695752401414,291.53209827954163,291.65295638080363,292.5489300700725,291.0081750954633,0.6835714285714241,63.34913112164242,48.46333275883707,291.08531459389013,,5,1459.6000000000001,SELLSHORTSTOCK,0.0
402,NFLX,01-03-2023 12:56:00 PM,292.29,292.0,292.3,291.9,292.46739008903364,292.6499121453913,292.44984654241824,292.62167359861894,291.1037896846474,0.498571428571438,13.648293963255503,45.412810198181134,,292.6962289666599,-5,-1461.45,BUYTOCOVERSTOCK,-1.849999999999909
413,NFLX,01-03-2023 01:18:00 PM,292.85,292.75,292.89,292.67,292.7821979813887,292.7628727393914,292.5853122734184,292.64380768325634,291.1251017151362,0.5171428571428619,40.58369916149915,44.12398671404998,292.3766972503752,,-5,-1464.25,BUYSTOCK,0.0
446,NFLX,01-03-2023 02:24:00 PM,294.83,295.22,295.28,294.75,294.93426684177416,294.6312515929676,293.98278588235576,293.1185859534132,291.2897154323486,0.491428571428563,78.33333333333424,82.39392754717502,294.59228867316955,,5,1474.1499999999999,SELLSTOCK,9.899999999999864
487,NFLX,01-03-2023 03:46:00 PM,295.53,295.73,295.82,295.43,295.89314110548594,295.9885422981027,295.57205384921343,294.03400871359725,291.6828625763418,0.4878571428571417,8.888888888888639,33.5680830781758,,296.2268284537221,5,1477.6499999999999,SELLSHORTSTOCK,0.0
index,Symbol,TimeStamp,Close,Open,High,Low,ema9,ema21,ema50,ema200,vwap,ATR,K_slow,D_slow,ST_Lowerband,ST_Upperband,Position,Value,OrderType,P/L
255,AAPL,01-03-2023 08:06:00 AM,130.75,130.81,130.81,130.75,130.3579854066903,130.1831910834911,130.06900275283488,129.56685165058838,129.0868972383892,0.14285714285714285,69.79166666666741,27.50892857143229,130.41453850405549,,5,653.75,SELLSHORTSTOCK,0.0
262,AAPL,01-03-2023 08:20:00 AM,130.44,130.34,130.5,130.34,130.38568848516118,130.28508025484615,130.14820400806983,129.62277227076612,129.0887646441373,0.2421428571428582,48.12500000000082,49.395833333334124,,130.56514562598835,-5,-652.2,BUYTOCOVERSTOCK,1.5499999999999545
281,AAPL,01-03-2023 08:58:00 AM,130.95,130.9,130.95,130.9,130.8620048018089,130.70726493529168,130.46596833645657,129.81268170371635,129.09526844214187,0.18214285714286,86.89458689458733,83.26151784375475,130.74835146766128,,5,654.75,SELLSHORTSTOCK,0.0
403,AAPL,01-03-2023 01:02:00 PM,124.54,124.6,124.62,124.42,124.58694705599748,124.64907391038827,124.93382416561344,126.98763721339483,127.63235872691618,0.17071428571428576,38.2722799343916,35.53754456756995,,124.7008769438891,-5,-622.7,BUYTOCOVERSTOCK,32.049999999999955
453,AAPL,01-03-2023 02:42:00 PM,124.55,124.3,124.58,124.29,124.43852857644727,124.50817118827823,124.59170369976349,126.02382582008234,127.30315539367508,0.16857142857142549,28.91566265060185,29.14266285331969,,124.4923341765619,-5,-622.75,BUYSTOCK,0.0
index,Symbol,TimeStamp,Close,Open,High,Low,ema9,ema21,ema50,ema200,vwap,ATR,K_slow,D_slow,ST_Lowerband,ST_Upperband,Position,Value,OrderType,P/L
31,TSLA,12-30-2022 12:40:00 PM,121.75,121.75,121.81,121.63,121.79474969485608,121.72351676063197,121.6332567998646,121.59635783382677,121.55243231487553,0.31571428571428684,58.57130550889436,70.26440828372702,121.60953630583795,,5,608.75,SELLSHORTSTOCK,0.0
32,TSLA,12-30-2022 12:42:00 PM,121.54,121.76,121.76,121.5,121.74379975588488,121.70683341875633,121.62959967045815,121.59579705936083,121.55212302820405,0.3050000000000007,45.871559633027545,66.99768296849096,121.60953630583795,,-5,-607.7,BUYTOCOVERSTOCK,1.0499999999999545
47,TSLA,12-30-2022 01:12:00 PM,121.26,121.17,121.43,121.14,121.32163405844301,121.46774939243335,121.54540136623797,121.57863661811987,121.53667155561035,0.259285714285716,13.084112149532404,14.39484028817451,,121.52560092583005,5,606.3000000000001,SELLSHORTSTOCK,0.0
48,TSLA,12-30-2022 01:14:00 PM,121.15,121.24,121.38,121.15,121.28730724675442,121.43886308403032,121.52989543030706,121.57437157714357,121.53155864407687,0.2507142857142871,9.559968847352005,11.969487307301955,,121.52560092583005,-5,-605.75,BUYTOCOVERSTOCK,0.5500000000000682
49,TSLA,12-30-2022 01:16:00 PM,121.13,121.15,121.31,121.08,121.25584579740354,121.41078462184574,121.51421325656953,121.5699499694108,121.52477477780077,0.25500000000000156,9.0974965475159,11.237017531228412,,121.48125413479416,5,605.65,SELLSHORTSTOCK,0.0
50,TSLA,12-30-2022 01:18:00 PM,121.22,121.14,121.28,121.13,121.24867663792284,121.3934405653143,121.5026754818021,121.56646788016295,121.52111957933853,0.24714285714285872,8.612542955326482,11.23374865418978,,121.47756522671519,-5,-606.1,BUYTOCOVERSTOCK,-0.4500000000000455
79,TSLA,12-30-2022 02:16:00 PM,120.99,121.04,121.1,120.94,121.04087112885767,121.13046272933319,121.25856838874667,121.4639111059224,121.39446417779138,0.21571428571428544,11.904761904762312,36.2096044680316,,121.21775064471575,5,604.9499999999999,SELLSHORTSTOCK,0.0
80,TSLA,12-30-2022 02:18:00 PM,120.92,120.99,121.07,120.92,121.01669690308614,121.11132975393926,121.24529119703112,121.45849905511722,121.39050218014741,0.2135714285714272,12.646652864044846,31.678473958640307,,121.21775064471575,-5,-604.6,BUYTOCOVERSTOCK,0.34999999999990905
256,TSLA,01-03-2023 08:10:00 AM,118.0,118.41,118.5,117.98,119.9825747681428,121.44644199811559,122.31423598253298,122.45904758414603,121.81712298637278,0.6964285714285704,24.272770624702,56.96202057360887,,119.34305162492886,5,590.0,SELLSHORTSTOCK,0.0
257,TSLA,01-03-2023 08:12:00 AM,118.15,118.02,118.2,118.0,119.61605981451424,121.14676545283234,122.15093261066895,122.4161714887814,121.81601048849978,0.701428571428571,22.50834525512646,51.37952176578811,,119.16935692093476,-5,-590.75,BUYTOCOVERSTOCK,-0.75
285,TSLA,01-03-2023 09:08:00 AM,118.96,118.72,119.05,118.72,118.73373924124743,118.74212961414884,119.66200753176909,121.43522788168092,121.75067672262483,0.38285714285714484,75.41666666666637,76.37491536744278,118.5244443065996,,-5,-594.8,BUYSTOCK,0.0
286,TSLA,01-03-2023 09:10:00 AM,119.22,118.96,119.37,118.88,118.83099139299796,118.78557237649895,119.64467390307226,121.41318581320648,121.7483201374734,0.3892857142857165,81.96680790960414,78.5142839054387,118.68713950422469,,5,596.1,SELLSTOCK,1.3000000000000682
419,TSLA,01-03-2023 01:36:00 PM,105.74,105.5,105.75,105.45,105.4004663515818,105.3747049511162,106.05032065037165,111.64129634369682,114.07396760784313,0.3421428571428576,78.36257309941497,44.54168363934128,105.22159559322925,,-5,-528.6999999999999,BUYSTOCK,0.0
420,TSLA,01-03-2023 01:38:00 PM,105.81,105.74,106.05,105.64,105.48237308126545,105.41427722828746,106.0408963111414,111.58327349450582,114.03477961618677,0.3478571428571432,85.26191364937172,52.01310092073201,105.39825686847183,,5,529.05,SELLSTOCK,0.35000000000002274
469,TSLA,01-03-2023 03:16:00 PM,108.06,107.72,108.48,107.61,107.92411194040255,107.86676930139826,107.37069460512976,109.91749120850318,112.97365653282753,0.5707142857142884,37.788986316960234,50.38319085308543,,108.17764091127462,-5,-540.3,BUYSTOCK,0.0
470,TSLA,01-03-2023 03:18:00 PM,107.83,108.07,108.22,107.77,107.90528955232205,107.86342663763477,107.38870658139919,109.89672015170216,112.9586688382259,0.5635714285714316,36.45268986633486,47.362549502585026,,108.17764091127462,5,539.15,SELLSTOCK,-1.1499999999999773
484,TSLA,01-03-2023 03:46:00 PM,107.99,107.85,108.16,107.75,107.95233127296856,107.93406992494758,107.630422475223,109.64181913001542,112.74598068064101,0.5021428571428572,42.311785049215196,43.055092573727464,,108.37988651036189,5,539.9499999999999,SELLSHORTSTOCK,0.0
485,TSLA,01-03-2023 03:48:00 PM,108.32,107.99,108.35,107.99,108.02586501837486,107.96915447722506,107.65746473109661,109.62866670086103,112.7311039711162,0.5007142857142851,54.9783549783549,45.934967645383345,,108.37988651036189,-5,-541.5999999999999,BUYTOCOVERSTOCK,-1.6499999999999773
index,Symbol,TimeStamp,Close,Open,High,Low,ema9,ema21,ema50,ema200,vwap,ATR,K_slow,D_slow,ST_Lowerband,ST_Upperband,Position,Value,OrderType,P/L
4,SPY,12-30-2022 11:10:00 AM,380.59,380.49,380.65,380.36,380.46852800000005,380.4343412335222,380.4155196246203,380.4040431365127,380.47956926618616,,,,,,-5,-1902.9499999999998,BUYSTOCK,0.0
5,SPY,12-30-2022 11:12:00 AM,380.28,380.58,380.71,380.25,380.4308224,380.4203102122929,380.4102051295372,380.4028088764479,380.4405581197708,,,,,,5,1901.3999999999999,SELLSTOCK,-1.5499999999999545
30,SPY,12-30-2022 12:02:00 PM,380.61,380.74,380.85,380.56,380.48480634160404,380.3746511957746,380.33609766409364,380.3682308335418,380.25559146192415,0.24857142857143394,84.82384823848254,,380.3943289843624,,5,1903.0500000000002,SELLSHORTSTOCK,0.0
31,SPY,12-30-2022 12:04:00 PM,380.72,380.63,380.75,380.6,380.53184507328325,380.4060465416133,380.3511526576586,380.3717310242529,380.262391051778,0.2428571428571453,86.17886178861833,71.95723403396777,380.3943289843624,,-5,-1903.6000000000001,BUYTOCOVERSTOCK,-0.5499999999999545
32,SPY,12-30-2022 12:06:00 PM,380.58,380.72,380.76,380.46,380.5414760586266,380.4218604923757,380.3601270632406,380.3738033523698,380.271172393369,0.2442857142857154,81.84281842818412,73.53657760518101,380.3943289843624,,5,1902.8999999999999,SELLSHORTSTOCK,0.0
33,SPY,12-30-2022 12:08:00 PM,380.55,380.57,380.63,380.46,380.5431808469013,380.43350953852337,380.3675730607606,380.37555655284376,380.2806103866649,0.24214285714285616,80.21680216802149,75.13850473556319,380.3943289843624,,-5,-1902.75,BUYTOCOVERSTOCK,0.14999999999986358
42,SPY,12-30-2022 12:26:00 PM,380.85,380.84,380.92,380.79,380.7621111244443,380.62636630558455,380.48478520136035,380.40761070044226,380.35651514419993,0.23214285714284902,91.13924050633197,80.6143349545761,380.59545365835686,,5,1904.25,SELLSHORTSTOCK,0.0
43,SPY,12-30-2022 12:28:00 PM,380.64,380.81,380.93,380.58,380.73768889955545,380.6276057323496,380.490872056209,380.40992303178115,380.36171500741636,0.2471428571428516,77.63713080169028,80.35636781794295,380.59545365835686,,-5,-1903.1999999999998,BUYTOCOVERSTOCK,1.050000000000182
45,SPY,12-30-2022 12:32:00 PM,380.68,380.78,380.88,380.67,380.7297208957155,380.643310522603,380.50842899152553,380.4160590574878,380.37549808915304,0.2421428571428521,66.244725738397,78.49605427809918,380.59545365835686,,5,1903.4,SELLSHORTSTOCK,0.0
46,SPY,12-30-2022 12:34:00 PM,380.9,380.69,380.95,380.69,380.7637767165724,380.66664592963906,380.52378471734806,380.42087439024914,380.3832298031882,0.23999999999999286,77.21518987341821,78.88694995920808,380.59545365835686,,-5,-1904.5,BUYTOCOVERSTOCK,-1.099999999999909
247,SPY,12-30-2022 07:52:00 PM,383.13,383.11,383.16,383.11,383.08732651888533,383.07537421168377,383.0135262264563,381.9721569689967,381.29897329491723,0.07571428571428994,88.42494714587811,81.51260668702798,383.04938445615136,,-5,-1915.65,BUYSTOCK,0.0
248,SPY,12-30-2022 07:54:00 PM,383.18,383.13,383.19,383.13,383.1058612151083,383.0848856469852,383.0200546097325,381.9841753076137,381.2990035178727,0.07714285714286007,91.59169627996768,84.74585038909836,383.07544474604157,,5,1915.9,SELLSTOCK,0.25
402,SPY,01-03-2023 01:02:00 PM,378.52,378.63,378.69,378.47,378.54151647008393,378.77299410087346,379.31770191400915,381.10838759018276,381.3278423971002,0.3871428571428502,37.442922374429834,22.84627092846348,378.074107892947,,5,1892.6,SELLSHORTSTOCK,0.0
403,SPY,01-03-2023 01:04:00 PM,378.51,378.51,378.55,378.35,378.53521317606715,378.7490855462486,379.286027329146,381.0825329872954,381.3242525771084,0.37428571428570684,32.72450532724562,21.925849343787554,378.074107892947,,-5,-1892.55,BUYTOCOVERSTOCK,0.049999999999954525
418,SPY,01-03-2023 01:34:00 PM,379.43,379.41,379.5,379.31,379.13004735575663,378.9218869638527,379.10891074436444,380.77156028690376,381.2714557651786,0.3321428571428555,86.490081412682,59.128464380543754,378.9710710451649,,5,1897.15,SELLSHORTSTOCK,0.0
419,SPY,01-03-2023 01:36:00 PM,379.37,379.44,379.56,379.18,379.1780378846053,378.9626245125934,379.1191495387031,380.7576144134023,381.2679072440667,0.34357142857142875,83.52941176470628,63.95020312170228,378.9710710451649,,-5,-1896.85,BUYTOCOVERSTOCK,0.3000000000001819
447,SPY,01-03-2023 02:32:00 PM,378.52,379.0,379.07,378.44,379.0337951530663,379.20324065378077,379.2478323868486,380.4140642482815,381.1802705120905,0.3535714285714237,11.443461618041189,26.04469887121085,,379.15962854474714,5,1892.6,SELLSHORTSTOCK,0.0
448,SPY,01-03-2023 02:34:00 PM,378.36,378.51,378.57,378.09,378.8990361224531,379.12658241252797,379.21301543050157,380.39362579804987,381.17251759209825,0.3671428571428521,10.32499502060403,23.11010772114123,,378.9295942392614,-5,-1891.8000000000002,BUYTOCOVERSTOCK,0.7999999999997272
489,SPY,01-03-2023 03:56:00 PM,380.91,380.88,381.22,380.5,380.7732515157939,380.58521960136096,380.19878488502854,380.3579983727694,381.08159048886046,0.42357142857142094,79.18395210838624,66.74686996269195,380.4204093785649,,5,1904.5500000000002,SELLSHORTSTOCK,0.0
490,SPY,01-03-2023 03:58:00 PM,381.0,380.91,381.3,380.7,380.81860121263514,380.62292691032815,380.2302050856157,380.36438644866223,381.0810511421976,0.44357142857142307,78.46395608077798,66.80016212249373,380.4988815966376,,-5,-1905.0,BUYTOCOVERSTOCK,-0.4499999999998181
index,Symbol,TimeStamp,Close,Open,High,Low,ema9,ema21,ema50,ema200,vwap,ATR,K_slow,D_slow,ST_Lowerband,ST_Upperband,Position,Value,OrderType,P/L
28,NVDA,12-30-2022 11:06:00 AM,143.98,143.96,144.06,143.82,144.0321794275024,144.0259564098689,143.94344461823434,143.80669051585107,144.06287740630265,0.33499999999999985,43.981481481480365,,,144.31169962819263,5,719.9,SELLSHORTSTOCK,0.0
29,NVDA,12-30-2022 11:08:00 AM,144.02,143.99,144.13,143.92,144.02974354200194,144.02541491806264,143.9464467900683,143.80881299828042,144.06180108381744,0.3307142857142854,43.51851851851782,,,144.31169962819263,-5,-720.1,BUYTOCOVERSTOCK,-0.20000000000004547
71,NVDA,12-30-2022 12:32:00 PM,144.64,144.61,144.69,144.54,144.60676561073674,144.53060842680446,144.32922725822277,143.98087812763634,144.12170723886837,0.19857142857142865,53.571428571428704,74.01121509716424,144.49465400539333,,-5,-723.1999999999999,BUYSTOCK,0.0
72,NVDA,12-30-2022 12:34:00 PM,144.76,144.63,144.8,144.63,144.6374124885894,144.55146220618587,144.34612030691994,143.98863058407778,144.127594281479,0.19214285714285698,64.55026455026496,72.28609348285518,144.49465400539333,,5,723.8,SELLSTOCK,0.6000000000000227
112,NVDA,12-30-2022 01:54:00 PM,144.24,144.18,144.25,144.17,144.21055706165214,144.2628417881337,144.35052817659638,144.1357727303331,144.21275819933825,0.20214285714285804,54.24242424242428,48.514993714966565,144.0219167174637,,5,721.2,SELLSHORTSTOCK,0.0
113,NVDA,12-30-2022 01:56:00 PM,144.35,144.23,144.43,144.23,144.2384456493217,144.27076526193972,144.3505074637887,144.13790434495664,144.2138689291458,0.1871428571428595,59.53823953823943,49.48098311891229,144.09909822792767,,-5,-721.75,BUYTOCOVERSTOCK,-0.5499999999999545
300,NVDA,01-03-2023 09:36:00 AM,147.61,148.4,148.68,147.3,148.22118273651347,148.32088478658798,148.01704675180605,146.500888774736,144.90366111541573,0.5821428571428494,38.1578947368427,59.36299686414118,,148.4439122014263,5,738.0500000000001,SELLSHORTSTOCK,0.0
301,NVDA,01-03-2023 09:38:00 AM,148.4,147.62,148.5,147.1,148.2569461892108,148.32807707871635,148.03206452624502,146.51978540384312,144.94913780071812,0.6692857142857085,53.80116959064376,56.18950758538879,,148.4439122014263,-5,-742.0,BUYTOCOVERSTOCK,-3.949999999999932
371,NVDA,01-03-2023 11:58:00 AM,141.49,141.41,141.52,141.18,141.59547624224,141.79802218009294,142.65547617573552,144.77933984226192,144.5463470193372,0.4885714285714308,34.12698412698398,34.292962707632526,,141.88386865466026,5,707.45,SELLSHORTSTOCK,0.0
372,NVDA,01-03-2023 12:00:00 PM,141.39,141.49,141.63,141.36,141.55438099379202,141.76092925462993,142.60584965904,144.74561506771204,144.53877387988342,0.45428571428571524,27.579365079364607,34.79036281710156,,141.88386865466026,-5,-706.9499999999999,BUYTOCOVERSTOCK,0.5000000000001137
485,NVDA,01-03-2023 03:46:00 PM,143.03,143.24,143.32,142.96,143.25044557458796,143.25144327225996,143.01536764119538,143.3166731824224,144.0762982604193,0.3257142857142798,26.60644384221654,46.39478853520317,,143.51888996619297,5,715.15,SELLSHORTSTOCK,0.0
486,NVDA,01-03-2023 03:48:00 PM,143.22,143.04,143.27,143.03,143.24435645967037,143.2485847929636,143.02339243957988,143.31571126020924,144.07428025023546,0.31357142857142356,26.75710297592609,43.73101163384818,,143.5150009695737,-5,-716.1,BUYTOCOVERSTOCK,-0.9500000000000455
490,NVDA,01-03-2023 03:56:00 PM,143.12,143.22,143.53,143.0,143.212792405881,143.23282343621582,143.04986433944578,143.31134470702236,144.06025055187285,0.3328571428571386,18.749999999998952,31.41846803192176,,143.5150009695737,5,715.6,SELLSHORTSTOCK,0.0
491,NVDA,01-03-2023 03:58:00 PM,143.17,143.12,143.18,142.91,143.2042339247048,143.22711221474165,143.05457554182047,143.3099382920271,144.05664860253722,0.33357142857142563,20.03623188405726,28.039375170944776,,143.43552763095235,-5,-715.8499999999999,BUYTOCOVERSTOCK,-0.2499999999998863
index,Symbol,TimeStamp,Close,Open,High,Low,ema9,ema21,ema50,ema200,vwap,ATR,K_slow,D_slow,ST_Lowerband,ST_Upperband,Position,Value,OrderType,P/L
17,NFLX,12-30-2022 09:20:00 AM,286.75,286.75,286.75,286.75,286.8099579897074,286.7660964432528,286.7296988927003,286.7072674444171,286.74160672329657,0.2671428571428415,,,,287.01029224824043,5,1433.75,SELLSHORTSTOCK,0.0
18,NFLX,12-30-2022 09:22:00 AM,287.0,286.8,287.0,286.8,286.8479663917659,286.78736040295706,286.7402989361238,286.7101802061642,286.7484268872075,0.26999999999998586,,,,287.01029224824043,-5,-1435.0,BUYTOCOVERSTOCK,-1.25
70,NFLX,12-30-2022 11:06:00 AM,289.64,289.31,289.81,289.11,289.32666304666935,288.5719651930303,287.50802110443556,286.80235527949657,286.36135316881735,0.6271428571428552,76.34619375965701,86.36836745928989,288.9226847544461,,-5,-1448.1999999999998,BUYSTOCK,0.0
71,NFLX,12-30-2022 11:08:00 AM,290.06,289.65,290.06,289.56,289.4733304373355,288.70724108457296,287.6080987081832,286.834769654825,286.39378584465146,0.6228571428571408,81.82282898630949,84.74698331250974,288.97191395357765,,5,1450.3,SELLSTOCK,2.1000000000001364
98,NFLX,12-30-2022 12:02:00 PM,290.88,290.87,291.11,290.75,290.9317300842068,290.63047282430097,289.60376019042656,287.70651684037546,287.44421813977846,0.48714285714285666,69.51672862453556,75.95562641362808,290.5606105743676,,5,1454.4,SELLSHORTSTOCK,0.0
99,NFLX,12-30-2022 12:04:00 PM,290.8,290.83,290.94,290.38,290.90538406736545,290.64588438572815,289.65067155550787,287.7372977673369,287.4765076347873,0.4950000000000005,64.85794144286848,74.0614263905192,290.5606105743676,,-5,-1454.0,BUYTOCOVERSTOCK,0.40000000000009095
180,NFLX,12-30-2022 02:46:00 PM,291.26,291.04,291.6,291.04,291.0663672728886,290.83980196362194,290.6841115764153,289.4160752450949,288.6020501606894,0.35428571428571687,80.63402385436252,85.70043785993207,290.9346688909665,,5,1456.3,SELLSHORTSTOCK,0.0
181,NFLX,12-30-2022 02:48:00 PM,291.33,291.42,291.42,291.03,291.1190938183109,290.8843654214745,290.709440534203,289.4351192725068,288.61750535339183,0.3571428571428612,81.51274571347614,85.27484351166882,290.9346688909665,,-5,-1456.6499999999999,BUYTOCOVERSTOCK,-0.34999999999990905
373,NFLX,01-03-2023 11:58:00 AM,291.92,291.94,292.15,291.54,291.67695752401414,291.53209827954163,291.65295638080363,292.5489300700725,291.0081750954633,0.6835714285714241,63.34913112164242,48.46333275883707,291.08531459389013,,5,1459.6000000000001,SELLSHORTSTOCK,0.0
374,NFLX,01-03-2023 12:00:00 PM,292.4,291.84,292.56,291.84,291.82156601921133,291.6109984359469,291.6822522090074,292.54744817882806,291.0112248868174,0.6392857142857095,68.40442338072602,49.88293490487608,291.427079319942,,-5,-1462.0,BUYTOCOVERSTOCK,-2.3999999999998636
402,NFLX,01-03-2023 12:56:00 PM,292.29,292.0,292.3,291.9,292.46739008903364,292.6499121453913,292.44984654241824,292.62167359861894,291.1037896846474,0.498571428571438,13.648293963255503,45.412810198181134,,292.6962289666599,-5,-1461.45,BUYSTOCK,0.0
403,NFLX,01-03-2023 12:58:00 PM,292.94,292.29,293.11,292.11,292.5619120712269,292.67628376853753,292.46906824663716,292.62484102549837,291.1075595998619,0.5435714285714377,27.952755905512277,39.45993930573148,,292.6962289666599,5,1464.7,SELLSTOCK,3.25
413,NFLX,01-03-2023 01:18:00 PM,292.85,292.75,292.89,292.67,292.7821979813887,292.7628727393914,292.5853122734184,292.64380768325634,291.1251017151362,0.5171428571428619,40.58369916149915,44.12398671404998,292.3766972503752,,-5,-1464.25,BUYSTOCK,0.0
414,NFLX,01-03-2023 01:20:00 PM,292.36,292.83,292.98,292.36,292.697758385111,292.7262479449013,292.57647649799026,292.640983726209,291.126601636545,0.5214285714285763,40.34445915499615,44.37890507049443,292.3766972503752,,5,1461.8000000000002,SELLSTOCK,-2.449999999999818
429,NFLX,01-03-2023 01:50:00 PM,294.26,293.97,294.29,293.97,293.9648449694729,293.64731548523173,293.16485561251596,292.8083345641059,291.1853230958561,0.5464285714285657,77.43362831858327,83.07086837173907,293.5960264517353,,-5,-1471.3,BUYSTOCK,0.0
430,NFLX,01-03-2023 01:52:00 PM,294.5,294.17,294.53,294.13,294.07187597557834,293.72483225930154,293.21721421594674,292.8251670560054,291.1901732465135,0.5292857142857079,87.7695554877425,83.64412776626548,293.692879542261,,5,1472.5,SELLSTOCK,1.2000000000000455
446,NFLX,01-03-2023 02:24:00 PM,294.83,295.22,295.28,294.75,294.93426684177416,294.6312515929676,293.98278588235576,293.1185859534132,291.2897154323486,0.491428571428563,78.33333333333424,82.39392754717502,294.59228867316955,,5,1474.1499999999999,SELLSHORTSTOCK,0.0
447,NFLX,01-03-2023 02:26:00 PM,294.72,294.82,294.91,294.65,294.89141347341933,294.63931962997054,294.01169623991046,293.1345204215384,291.2951381478107,0.4749999999999943,74.62962962963076,82.99754909915518,294.59228867316955,,-5,-1473.6000000000001,BUYTOCOVERSTOCK,0.5499999999997272
487,NFLX,01-03-2023 03:46:00 PM,295.53,295.73,295.82,295.43,295.89314110548594,295.9885422981027,295.57205384921343,294.03400871359725,291.6828625763418,0.4878571428571417,8.888888888888639,33.5680830781758,,296.2268284537221,5,1477.6499999999999,SELLSHORTSTOCK,0.0
488,NFLX,01-03-2023 03:48:00 PM,295.79,295.59,295.86,295.53,295.87251288438875,295.9704929982751,295.58060075708744,294.0514812637107,291.69090559116637,0.4635714285714333,15.726495726496099,30.8863074823916,,296.2268284537221,-5,-1478.95,BUYTOCOVERSTOCK,-1.300000000000182
index,Symbol,TimeStamp,Close,Open,High,Low,ema9,ema21,ema50,ema200,vwap,ATR,K_slow,D_slow,ST_Lowerband,ST_Upperband,Position,Value,OrderType,P/L
74,QQQ,12-30-2022 01:16:00 PM,264.01,264.13,264.21,264.0,264.19959705825863,264.2681980515183,264.2823296298724,264.4119299249269,264.18608892129885,0.2557142857142968,11.594202898549286,32.73432978581747,,264.3574523596954,5,1320.05,SELLSHORTSTOCK,0.0
75,QQQ,12-30-2022 01:18:00 PM,263.93,264.01,264.07,263.91,264.14567764660694,264.23745277410757,264.26851278164213,264.4071346022908,264.18227965822285,0.2521428571428674,5.041496345842653,32.340818601688184,,264.2782531999186,-5,-1319.65,BUYTOCOVERSTOCK,0.3999999999998636
168,QQQ,12-30-2022 04:24:00 PM,266.89,266.93,266.96,266.89,266.75782062836464,266.267768643022,265.386851979106,264.4981270499999,264.61793083112764,0.17571428571429237,97.18050489880586,97.65072751286672,266.6720160426206,,5,1334.4499999999998,SELLSHORTSTOCK,0.0
169,QQQ,12-30-2022 04:26:00 PM,266.94,266.89,266.94,266.89,266.7942565026917,266.32888058456547,265.44775974463124,264.5224242932835,264.6192756933825,0.16357142857143409,96.29554914659343,97.48548625952182,266.6823144386964,,-5,-1334.7,BUYTOCOVERSTOCK,-0.2500000000002274
194,QQQ,12-30-2022 05:16:00 PM,266.61,266.64,266.64,266.61,266.64573568595677,266.6509711156251,266.24958582890235,265.012428509745,264.64319919250556,0.03857142857143003,10.867446393766956,9.660029817927972,,266.68655460914226,5,1333.0500000000002,SELLSHORTSTOCK,0.0
195,QQQ,12-30-2022 05:18:00 PM,266.62,266.62,266.62,266.62,266.64058854876544,266.6481555596592,266.26411187482773,265.02842424596645,264.64322887863466,0.03642857142857484,9.338624338631348,9.08066473856291,,266.67952597377695,-5,-1333.1,BUYTOCOVERSTOCK,-0.04999999999972715
254,QQQ,01-03-2023 08:06:00 AM,268.42,268.52,268.56,268.41,267.7799541624873,267.3481407572053,267.0081006274632,265.87912018060445,264.66909255351635,0.3007142857142761,66.58036774315924,81.92566071055089,267.8934116233905,,5,1342.1000000000001,SELLSHORTSTOCK,0.0
255,QQQ,01-03-2023 08:08:00 AM,268.11,268.42,268.42,268.04,267.84596332998984,267.4174006883684,267.0513123675627,265.9013179897527,264.6727901512159,0.3249999999999927,61.570147438821074,81.86045323220917,267.8934116233905,,-5,-1340.5500000000002,BUYTOCOVERSTOCK,1.5499999999999545
402,QQQ,01-03-2023 01:02:00 PM,262.7,262.76,262.84,262.68,262.6806847492588,262.7918628090008,263.1793627928132,264.87563112725286,264.9994770538631,0.29071428571429336,43.70860927152385,31.019601985095655,262.3877368289225,,5,1313.5,SELLSHORTSTOCK,0.0
403,QQQ,01-03-2023 01:04:00 PM,262.7,262.7,262.73,262.57,262.684547799407,262.7835116445462,263.1605642519186,264.8539830563349,264.9963480239259,0.2807142857142943,38.85209713024287,29.416089893608603,262.3877368289225,,-5,-1313.5,BUYTOCOVERSTOCK,0.0
406,QQQ,01-03-2023 01:10:00 PM,262.56,262.62,262.67,262.47,262.6298484732965,262.73115826036525,263.0941365212021,264.7865781239307,264.98471622438757,0.27714285714286496,29.359823399558334,29.646799116998118,262.3877368289225,,5,1312.8,SELLSHORTSTOCK,0.0
407,QQQ,01-03-2023 01:12:00 PM,262.95,262.57,262.98,262.51,262.6938787786372,262.7510529639684,263.0884841086059,264.7683037147374,264.98168886512815,0.29428571428572275,37.748344370860714,31.655629139073113,262.4118458561041,,-5,-1314.75,BUYTOCOVERSTOCK,-1.9500000000000455
418,QQQ,01-03-2023 01:34:00 PM,263.4,263.38,263.45,263.28,263.08917882996235,262.9012239833599,263.02589209263016,264.5710313288872,264.93674238388337,0.29428571428572275,85.71428571428349,53.163745504098436,262.977028453107,,5,1317.0,SELLSHORTSTOCK,0.0
419,QQQ,01-03-2023 01:36:00 PM,263.42,263.4,263.52,263.22,263.1553430639699,262.9483854394181,263.0413473046839,264.5595782808386,264.93302874222803,0.30642857142857693,85.21303258145187,58.46209070484838,262.9908256077963,,-5,-1317.1000000000001,BUYTOCOVERSTOCK,-0.10000000000013642
486,QQQ,01-03-2023 03:50:00 PM,264.53,264.46,264.74,264.46,264.4884849146349,264.469210190509,264.21389230477484,264.327557959408,264.81937873711496,0.28714285714286397,28.201799930771227,40.76811343376408,264.38203128536617,,-5,-1322.6499999999999,BUYSTOCK,0.0
487,QQQ,01-03-2023 03:52:00 PM,264.56,264.53,264.83,264.27,264.502787931708,264.4774638095536,264.227465155568,264.3298708155333,264.8179052619129,0.3135714285714357,36.0840411463464,40.57941609912327,264.38203128536617,,5,1322.8,SELLSTOCK,0.15000000000009095
489,QQQ,01-03-2023 03:56:00 PM,264.48,264.55,264.81,264.31,264.5057842762931,264.48368909880463,264.24952089139515,264.333533183979,264.81591035039577,0.3278571428571532,35.576923076922945,35.88628010062333,264.38203128536617,,5,1322.4,SELLSHORTSTOCK,0.0
490,QQQ,01-03-2023 03:58:00 PM,264.54,264.48,264.57,264.32,264.5126274210345,264.48880827164055,264.26091222898754,264.3355875801583,264.8147482067669,0.3278571428571532,35.174710910005246,33.113896119160074,264.38203128536617,,-5,-1322.7,BUYTOCOVERSTOCK,-0.2999999999999545
491,QQQ,01-03-2023 04:00:00 PM,264.46,264.55,264.64,264.43,264.5021019368276,264.486189337855,264.26871959255664,264.3368255146841,264.8103238079669,0.3235714285714388,32.87879254265716,31.573004573640617,264.38203128536617,,5,1322.3,SELLSHORTSTOCK,0.0
492,QQQ,01-03-2023 04:02:00 PM,264.19,264.46,264.52,264.04,264.43968154946214,264.45926303441365,264.26563254971126,264.33536456428925,264.8051878283885,0.32857142857143423,27.885540180982872,31.259572547724076,,264.6474347460376,-5,-1320.95,BUYTOCOVERSTOCK,1.349999999999909
index,Symbol,TimeStamp,Close,Open,High,Low,ema9,ema21,ema50,ema200,vwap,ATR,K_slow,D_slow,ST_Lowerband,ST_Upperband,Position,Value,OrderType,P/L
254,AAPL,01-03-2023 08:06:00 AM,130.75,130.81,130.81,130.75,130.3579854066903,130.18319108349002,130.06900126804328,129.56372845031797,129.0932874935937,0.14285714285714285,69.79166666666741,27.50892857143229,130.41453850405546,,5,653.75,SELLSHORTSTOCK,0.0
255,AAPL,01-03-2023 08:08:00 AM,130.58,130.72,130.72,130.54,130.40238832535223,130.21926462135454,130.08904043400236,129.5738406050412,129.09353000723894,0.15714285714285836,66.45833333333412,31.535714285717887,130.41453850405546,,-5,-652.9000000000001,BUYTOCOVERSTOCK,0.849999999999909
261,AAPL,01-03-2023 08:20:00 AM,130.44,130.34,130.5,130.34,130.38568848516118,130.28508025484558,130.14820288593035,129.6198602198344,129.09516059364645,0.2421428571428582,48.12500000000082,49.395833333334124,,130.56514562598838,-5,-652.2,BUYSTOCK,0.0
262,AAPL,01-03-2023 08:22:00 AM,130.56,130.48,130.69,130.48,130.42055078812896,130.3100729589505,130.16435179236444,129.62921484451266,129.0954911041022,0.2585714285714289,52.29166666666726,52.31250000000082,,130.56514562598838,5,652.8,SELLSTOCK,0.599999999999909
280,AAPL,01-03-2023 08:58:00 AM,130.95,130.9,130.95,130.9,130.8620048018089,130.7072649352916,130.4659678117228,129.81027356041284,129.10169119322367,0.18214285714286,86.89458689458733,83.26151784375475,130.74835146766128,,5,654.75,SELLSHORTSTOCK,0.0
281,AAPL,01-03-2023 09:00:00 AM,130.92,130.93,131.05,130.91,130.8736038414471,130.7266044866287,130.48377299557683,129.8213156145381,129.10187707491303,0.18428571428571722,84.90028490028472,85.45987966711657,130.74835146766128,,-5,-654.5999999999999,BUYTOCOVERSTOCK,0.15000000000009095
402,AAPL,01-03-2023 01:02:00 PM,124.54,124.6,124.62,124.42,124.58694705599748,124.64907391038827,124.9338241616296,126.9869262640735,127.62988751123551,0.17071428571428576,38.2722799343916,35.53754456756995,,124.7008769438891,5,622.7,SELLSHORTSTOCK,0.0
403,AAPL,01-03-2023 01:04:00 PM,124.6,124.55,124.61,124.47,124.58955764479799,124.64461264580751,124.92073301803629,126.96317575398322,127.62556634842839,0.16785714285714345,38.418079096046164,35.29484543492101,,124.7008769438891,-5,-623.0,BUYTOCOVERSTOCK,-0.2999999999999545
452,AAPL,01-03-2023 02:42:00 PM,124.55,124.3,124.58,124.29,124.43852857644727,124.50817118827823,124.5917036992245,126.02339460931825,127.2998371618024,0.16857142857142549,28.91566265060185,29.14266285331969,,124.4923341765619,-5,-622.75,BUYSTOCK,0.0
453,AAPL,01-03-2023 02:44:00 PM,124.78,124.54,124.86,124.5,124.50682286115783,124.53288289843475,124.59908786788236,126.0110225236534,127.29058629410414,0.1849999999999962,47.23631367575513,30.03913372706803,124.39154295165362,,5,623.9,SELLSTOCK,1.1499999999999773
index,Symbol,TimeStamp,Close,Open,High,Low,ema9,ema21,ema50,ema200,vwap,ATR,K_slow,D_slow,ST_Lowerband,ST_Upperband,Position,Value,OrderType,P/L
4,SPY,12-30-2022 11:16:00 AM,379.96,380.12,380.28,379.93,380.30976000000004,380.40311863943714,380.45152768262176,380.48009736250316,380.2645712170225,,,,,,5,1899.8,SELLSHORTSTOCK,0.0
90,SPY,12-30-2022 02:08:00 PM,378.93,378.95,379.11,378.8,379.18486230741877,379.40939904283385,379.79503944086775,380.2543507703891,379.89648114397374,0.25357142857142534,34.01324029343292,43.17831366028412,,379.31407663405224,-5,-1894.65,BUYTOCOVERSTOCK,5.149999999999864
96,SPY,12-30-2022 02:20:00 PM,378.82,378.71,378.9,378.7,378.88416102471604,379.13436001516953,379.57803922091216,380.168391041169,379.7933548940266,0.2649999999999985,10.404523375835545,25.370152463970093,,379.05531334648856,-5,-1894.1,BUYSTOCK,0.0
194,SPY,12-30-2022 05:36:00 PM,383.13,383.1,383.13,383.08,383.0728611492391,383.02184116524603,382.65503901797325,381.2737995238872,381.3032415128618,0.043571428571425486,98.57142857142986,93.86674783549797,383.0172319294314,,5,1915.65,SELLSTOCK,21.550000000000182
280,SPY,01-03-2023 09:04:00 AM,384.47,384.65,384.65,384.45,384.6242122170315,384.4669973304093,384.0589843058818,382.67758961683484,381.3505673366424,0.1607142857142776,73.37223587223684,87.64704648016655,384.549478231496,,5,1922.3500000000001,SELLSHORTSTOCK,0.0
295,SPY,01-03-2023 09:34:00 AM,385.07,383.99,385.08,383.99,384.65451187912674,384.65494532407314,384.366222800073,382.96651520449694,381.455669339641,0.3435714285714328,39.64704661061104,55.91616705294048,384.0916989730426,,-5,-1925.35,BUYTOCOVERSTOCK,-2.9999999999997726
325,SPY,01-03-2023 10:34:00 AM,380.5,380.67,380.9,380.36,380.86558457625574,381.58551896113124,382.66836680064074,382.797363275673,381.6766319871519,0.5628571428571425,15.701495229363358,9.07786773653974,,381.1888882197731,5,1902.5,SELLSHORTSTOCK,0.0
355,SPY,01-03-2023 11:34:00 AM,379.58,379.3,379.77,378.97,379.89355739171896,380.3614645408493,381.20067767073795,382.2606596089001,381.5719897288977,0.5421428571428513,13.549298565903038,14.384860981239711,,380.03182189084816,-5,-1897.8999999999999,BUYTOCOVERSTOCK,4.600000000000136
442,SPY,01-03-2023 02:28:00 PM,379.02,378.81,379.14,378.79,379.20530492666603,379.29972119107475,379.2892761525584,380.4486604650301,381.19241595326827,0.3792857142857104,9.659738409736478,33.86705587930797,,379.363430302157,5,1895.1,SELLSHORTSTOCK,0.0
456,SPY,01-03-2023 02:56:00 PM,380.15,380.07,380.51,379.96,379.85142648902763,379.52397768560775,379.35978435044115,380.30760748492287,381.1299039663643,0.5135714285714325,76.56641604010042,56.670428240821494,379.67903367245304,,-5,-1900.75,BUYTOCOVERSTOCK,-5.650000000000091
481,SPY,01-03-2023 03:46:00 PM,380.45,380.66,380.78,380.37,380.5494345574764,380.4098289201878,380.05066716975745,380.33272250343026,381.0893927613194,0.4164285714285703,52.999924052556516,58.91129922623644,380.2749141035111,,5,1902.25,SELLSHORTSTOCK,0.0
496,SPY,01-03-2023 04:16:00 PM,380.53,380.45,380.82,380.31,380.53051533633794,380.5424190384035,380.30677078544915,380.3753080560963,381.04769933497204,0.5221428571428532,31.87134502923611,46.02823132314346,,380.9950868404013,-5,-1902.6499999999999,BUYTOCOVERSTOCK,-0.3999999999998636
index,Symbol,TimeStamp,Close,Open,High,Low,ema9,ema21,ema50,ema200,vwap,ATR,K_slow,D_slow,ST_Lowerband,ST_Upperband,Position,Value,OrderType,P/L
50,AAPL,12-30-2022 01:08:00 PM,128.77,128.8,128.87,128.74,128.83670659489138,128.84620944139837,128.75984816207801,128.46535270741097,128.76322899176438,0.14714285714286138,44.89898989899297,36.64072783585084,128.71388631385693,,5,643.85,SELLSHORTSTOCK,0.0
223,AAPL,12-30-2022 07:02:00 PM,130.0,129.99,130.0,129.99,130.0048001281205,129.98980802262716,129.94761048196244,129.39099130444885,129.10303856534676,0.02000000000000211,60.60606060604965,72.0707070707024,,130.0319802326851,-5,-650.0,BUYTOCOVERSTOCK,-6.149999999999977
378,AAPL,01-03-2023 12:20:00 PM,124.8,124.79,124.85,124.75,124.85622910782902,124.90073683924166,125.34132921097218,127.53698367397166,127.8081531791859,0.16857142857143056,38.372093023256745,41.882409926045106,124.76164662711932,,5,624.0,SELLSHORTSTOCK,0.0
406,AAPL,01-03-2023 01:16:00 PM,124.21,124.24,124.3,124.2,124.41863411923795,124.52949334276805,124.80744729452722,126.81347070086086,127.57641637752873,0.1928571428571461,16.4036467974821,27.939050080398154,,124.53736989467704,-5,-621.05,BUYTOCOVERSTOCK,2.9500000000000455
431,AAPL,01-03-2023 02:06:00 PM,124.73,124.69,124.8,124.68,124.66443967931738,124.60122007262645,124.66004883689351,126.31357836703828,127.39852918396352,0.20714285714285857,64.19753086419803,57.02191160177273,124.56888624399333,,5,623.65,SELLSHORTSTOCK,0.0
446,AAPL,01-03-2023 02:36:00 PM,124.32,124.28,124.35,124.26,124.45290737587354,124.53882585159833,124.61458089229907,126.07241656813846,127.31246527175794,0.15499999999999808,13.373493975903402,39.71978616136687,,124.5315155255207,-5,-621.5999999999999,BUYTOCOVERSTOCK,2.050000000000068
456,AAPL,01-03-2023 02:56:00 PM,124.71,124.76,124.89,124.6,124.79328105211539,124.70622615220968,124.67329066977445,125.9494634816727,127.22893994872081,0.27785714285714186,54.02298850574715,54.78288438359916,,125.07254423371779,5,623.55,SELLSHORTSTOCK,0.0
490,AAPL,01-03-2023 04:04:00 PM,124.93,124.9,125.07,124.85,125.03460726725623,124.95219671461297,124.83373516339466,125.62992760328933,126.76747194814725,0.22571428571428548,54.166666666666124,77.92661082878423,,125.20934314088059,-5,-624.6500000000001,BUYTOCOVERSTOCK,-1.1000000000001364
index,Symbol,TimeStamp,Close,Open,High,Low,ema9,ema21,ema50,ema200,vwap,ATR,K_slow,D_slow,ST_Lowerband,ST_Upperband,Position,Value,OrderType,P/L
21,QQQ,12-29-2022 01:04:00 PM,266.54,266.6,266.7,266.52,266.53509868431615,266.56185161860805,266.6890735118174,266.8568060383635,266.526600222393,0.18000000000001087,,,266.4333188711131,,5,1332.7,SELLSHORTSTOCK,0.0
161,QQQ,12-30-2022 11:14:00 AM,263.83,264.1,264.17,263.74,264.1609239206115,264.148819201952,264.33464855479883,265.58941014755504,265.35461818546656,0.34785714285714725,41.92872117400335,51.07893906846659,,264.39664643038896,-5,-1319.1499999999999,BUYTOCOVERSTOCK,13.550000000000182
212,QQQ,12-30-2022 12:56:00 PM,264.19,264.15,264.22,264.09,264.3106790034746,264.3319856275807,264.28218586429745,265.0311766029065,265.1633302011986,0.20357142857143426,15.794790005314796,50.537586390217626,,264.4478087113205,5,1320.95,SELLSHORTSTOCK,0.0
248,QQQ,12-30-2022 02:08:00 PM,263.1,263.1,263.22,263.0,263.33250146337923,263.4846325319104,263.7360893498503,264.6137387427723,264.9886019154954,0.20142857142856688,35.44973544973646,50.313306909011416,,263.42319746553596,-5,-1315.5,BUYTOCOVERSTOCK,5.4500000000000455
254,QQQ,12-30-2022 02:20:00 PM,263.07,262.99,263.12,262.99,263.11521254361617,263.28979081268454,263.5868895923497,264.5219003229185,264.95864862794116,0.19928571428571168,10.003323841782949,27.04642179694078,,263.2449675660229,-5,-1315.35,BUYSTOCK,0.0
index,Symbol,TimeStamp,Close,Open,High,Low,ema9,ema21,ema50,ema200,vwap,ATR,K_slow,D_slow,ST_Lowerband,ST_Upperband,Position,Value,OrderType,P/L
11,TSLA,12-30-2022 12:08:00 PM,121.32,121.47,121.58,121.18,121.41027538452482,121.26836437990828,121.15040063384959,121.06346373390338,121.35154044548054,,,,121.38230747051,,5,606.5999999999999,SELLSHORTSTOCK,0.0
34,TSLA,12-30-2022 12:54:00 PM,121.54,121.58,121.69,121.52,121.72248420852827,121.70329226864656,121.52183191023364,121.2086274027643,121.59568033830125,0.26785714285714385,33.81349865607754,55.92620553994847,,121.96741579940205,-5,-607.7,BUYTOCOVERSTOCK,-1.1000000000001364
71,TSLA,12-30-2022 02:08:00 PM,121.02,120.95,121.05,120.88,121.12966579594564,121.20187267279616,121.27762402976914,121.21011803898763,121.4111352979998,0.2328571428571422,34.85151818485172,52.88455121788469,,121.25658370582276,5,605.1,SELLSHORTSTOCK,0.0
196,TSLA,12-30-2022 06:18:00 PM,122.87,122.88,122.88,122.87,122.87279753932879,122.8870371663538,122.88256895700705,122.26772465511418,121.87634330840021,0.03357142857142849,38.59649122807294,34.864912280703734,,122.90335603623166,-5,-614.35,BUYTOCOVERSTOCK,-9.25
270,TSLA,01-03-2023 08:46:00 AM,118.43,118.16,118.59,118.01,118.19582109189834,118.7632981846434,120.19397564626321,121.71805392585618,121.78910950270513,0.28428571428571353,50.43770061278104,27.312452884922315,117.86481002498816,,-5,-592.1500000000001,BUYSTOCK,0.0
286,TSLA,01-03-2023 09:18:00 AM,119.05,119.29,119.33,119.05,119.05616607457198,118.92503065125192,119.58350613632126,121.29584200049706,121.74930649730543,0.3335714285714297,83.94415357766125,82.75114404813549,118.91541599151338,,5,595.25,SELLSTOCK,3.099999999999909
295,TSLA,01-03-2023 09:36:00 AM,115.16,116.27,116.86,114.7,117.38826670051975,118.13750175610316,119.02719065183469,120.99858394748973,121.08787099386888,0.7000000000000018,13.645071636085646,53.84283192091603,,116.94325483050474,5,575.8,SELLSHORTSTOCK,0.0
297,TSLA,01-03-2023 09:40:00 AM,114.57,114.4,114.8,113.72,116.34489068833265,117.50347252570509,118.67767964438875,120.8695151829049,120.73629930087101,0.8185714285714292,11.046896769611648,39.90457044839399,,115.87480334941455,-5,-572.8499999999999,BUYTOCOVERSTOCK,2.9500000000000455
302,TSLA,01-03-2023 09:50:00 AM,113.66,114.33,114.53,113.43,115.12377218075287,116.41868918895571,117.95473783677053,120.56938056749526,120.18393583371135,1.1407142857142867,10.817671878314018,17.73271886876523,,115.40670769063145,5,568.3,SELLSHORTSTOCK,0.0
312,TSLA,01-03-2023 10:10:00 AM,111.82,112.0,112.31,111.6,112.35477302868024,113.80155257459815,116.07026498419341,119.78123268551661,119.08412873126548,0.8621428571428597,7.369910627622527,4.599589133356156,,112.76968194109187,-5,-559.0999999999999,BUYTOCOVERSTOCK,9.200000000000045
331,TSLA,01-03-2023 10:48:00 AM,111.25,111.49,111.65,111.12,111.43811123527726,111.71799515781254,113.50439011103244,118.29989702629301,117.90331825845877,0.5114285714285712,60.81300813008108,41.92493842097659,111.24600398953886,,5,556.25,SELLSHORTSTOCK,0.0
351,TSLA,01-03-2023 11:28:00 AM,108.34,108.18,108.5,108.05,108.88060180666896,109.61201621449361,111.29531314678005,116.73027685007055,116.77582380841099,0.4914285714285711,5.689738461564498,5.584076813686584,,109.04786011404883,-5,-541.7,BUYTOCOVERSTOCK,14.549999999999955
380,TSLA,01-03-2023 12:26:00 PM,106.28,105.96,106.3,105.84,106.32896433569195,106.73818942277389,108.14532487534893,114.23385987557562,115.16938465630743,0.48214285714285815,23.933404616016116,35.23647388160123,,106.54142489036907,-5,-531.4,BUYSTOCK,0.0
index,Symbol,TimeStamp,Close,Open,High,Low,ema9,ema21,ema50,ema200,vwap,ATR,K_slow,D_slow,ST_Lowerband,ST_Upperband,Position,Value,OrderType,P/L
23,NFLX,12-30-2022 09:36:00 AM,284.56,285.72,285.75,284.24,285.8800406851294,286.32281634177576,286.5089896163792,286.57744008571274,285.0293900541886,0.7714285714285681,28.526645768025343,,,285.7670907584875,5,1422.8,SELLSHORTSTOCK,0.0
123,NFLX,12-30-2022 12:56:00 PM,290.77,290.59,290.82,290.54,291.0787475772289,291.1396909330452,290.64189698587245,288.48974836354535,287.9990788477588,0.42714285714285843,18.598575042785725,59.65823157756432,,291.30900726787974,-5,-1453.85,BUYTOCOVERSTOCK,-31.049999999999955
137,NFLX,12-30-2022 01:24:00 PM,289.93,289.73,290.09,289.65,290.4109334977008,290.7105415394855,290.64112666238475,288.7764400737727,288.14423000993463,0.42571428571428427,6.529785599553494,19.08346280439312,,290.52006291477596,5,1449.65,SELLSHORTSTOCK,0.0
149,NFLX,12-30-2022 01:48:00 PM,290.41,290.6,290.6,290.28,290.67485231850526,290.6851730679474,290.6426171188879,288.9854046110766,288.3239343537172,0.4757142857142875,60.5256874789202,62.26494789057701,290.46686622192345,,-5,-1452.0500000000002,BUYTOCOVERSTOCK,-2.400000000000091
300,NFLX,01-03-2023 09:36:00 AM,294.75,295.92,296.18,294.26,296.53016275117716,296.7885384932415,296.4427535306379,293.7197436503613,290.69096185387514,1.145000000000002,33.107293062863626,71.81135764435953,,296.69162845683655,5,1473.75,SELLSHORTSTOCK,0.0
307,NFLX,01-03-2023 09:50:00 AM,292.92,295.89,296.0,292.81,295.6319670593957,296.22405774816747,296.2658534741383,293.8578804527295,290.97129004066164,1.5599999999999983,29.217539822471693,48.494202653953714,,296.10635099344444,-5,-1464.6000000000001,BUYTOCOVERSTOCK,9.149999999999864
321,NFLX,01-03-2023 10:18:00 AM,291.25,291.02,291.49,290.99,291.6017501154797,292.80411241678667,294.2917206987812,293.57684454563673,291.0379108830202,1.0250000000000057,9.713601874149665,13.474750914994393,,292.17929593370303,5,1456.25,SELLSHORTSTOCK,0.0
346,NFLX,01-03-2023 11:08:00 AM,291.52,291.71,291.8,291.31,290.94299015027934,290.6843144178859,291.7291085858685,292.8135121088657,290.9731566097473,0.7221428571428541,86.83127572016492,54.25188049857151,290.5689056465072,,-5,-1457.6,BUYTOCOVERSTOCK,-1.349999999999909
360,NFLX,01-03-2023 11:36:00 AM,290.68,291.31,291.47,290.68,291.58067797714443,291.42229578102655,291.7104873214368,292.6648510847242,290.9970759266669,0.7664285714285768,60.80402010050264,85.86914925740376,,292.1435543806449,5,1453.4,SELLSHORTSTOCK,0.0
394,NFLX,01-03-2023 12:44:00 PM,293.18,293.42,293.43,293.09,293.3521289407103,293.0209592202016,292.52341336569606,292.64658351732106,291.09364596022795,0.5321428571428604,65.56737588652443,74.52202500895729,293.0536868999335,,-5,-1465.9,BUYTOCOVERSTOCK,-12.5
407,NFLX,01-03-2023 01:10:00 PM,292.59,292.72,292.86,292.49,292.6993114779997,292.71864697774305,292.5363215288325,292.63258968679935,291.1182972239919,0.5107142857142881,37.00787401574765,32.992125984252134,292.3697115917355,,5,1462.9499999999998,SELLSHORTSTOCK,0.0
414,NFLX,01-03-2023 01:24:00 PM,292.88,292.5,293.0,292.5,292.6801653664711,292.70995697925724,292.58022301193506,292.6388599332571,291.13057603301354,0.5457142857142888,42.688442813632086,42.7448673114006,292.3766972503752,,-5,-1464.4,BUYTOCOVERSTOCK,-1.4500000000002728
432,NFLX,01-03-2023 02:00:00 PM,294.74,294.13,294.94,294.13,294.3671363995969,293.99829674154876,293.4210840220391,292.8933428857106,291.224965638825,0.5121428571428582,74.64008859357652,82.77063372084868,294.1888420805221,,-5,-1473.7,BUYSTOCK,0.0
492,NFLX,01-03-2023 04:00:00 PM,294.9,295.17,295.21,294.82,295.41959377756524,295.68175603226484,295.526793973882,294.125703544825,291.8232418565191,0.49857142857143394,7.7925908726386295,12.327972868403876,,295.67254376297467,5,1474.5,SELLSTOCK,0.7999999999999545
index,Symbol,TimeStamp,Close,Open,High,Low,ema9,ema21,ema50,ema200,vwap,ATR,K_slow,D_slow,ST_Lowerband,ST_Upperband,Position,Value,OrderType,P/L
157,NVDA,12-30-2022 03:30:00 PM,144.66,144.66,144.82,144.64,144.7075111270243,144.55462334144846,144.37030941388463,144.17178331425524,144.25163605600437,0.24928571428571494,67.61229314420719,80.1607350404756,144.65749077231476,,5,723.3,SELLSHORTSTOCK,0.0
277,NVDA,01-03-2023 08:52:00 AM,148.32,148.23,148.37,148.22,148.23204874852524,148.05600948928287,147.52658189769252,146.06944973209497,144.69854586357397,0.21000000000000188,59.80289855072396,68.29002612995482,148.06230621470147,,-5,-741.5999999999999,BUYTOCOVERSTOCK,-18.299999999999955
327,NVDA,01-03-2023 10:36:00 AM,142.16,142.3,142.46,142.09,143.13159099044657,144.21600291403834,145.70809860368146,146.1683993192831,145.1649200005716,0.615000000000003,1.134160477826267,7.904250341047413,,143.3423825979771,5,710.8,SELLSHORTSTOCK,0.0
356,NVDA,01-03-2023 11:34:00 AM,141.32,141.24,141.45,140.96,141.78322743076802,142.18843104424136,143.28912429265864,145.17940596089156,144.70818082093325,0.4271428571428544,10.691926073437125,32.72025141075032,,141.90041071236695,-5,-706.5999999999999,BUYTOCOVERSTOCK,4.2000000000000455
397,NVDA,01-03-2023 12:56:00 PM,141.75,141.59,141.85,141.59,141.8917183274178,141.93987767741953,142.16509571335243,144.0597451194162,144.37794500163963,0.2707142857142791,33.333333333333336,65.40219961902451,,142.06033234191307,5,708.75,SELLSHORTSTOCK,0.0
432,NVDA,01-03-2023 02:06:00 PM,142.4,142.27,142.5,142.26,142.4334815507378,142.37328828409707,142.28147506401226,143.52994463790552,144.22532616849455,0.28714285714285787,54.89615994706838,65.44764713185126,,142.70211996605457,-5,-712.0,BUYTOCOVERSTOCK,-3.25
471,NVDA,01-03-2023 03:24:00 PM,143.33,143.22,143.35,143.16,143.4016565303029,143.1927593842787,142.85660848217026,143.31679132549561,144.0988838509042,0.38285714285714584,65.32968213058426,76.75497264750783,,143.8473405092972,5,716.6500000000001,SELLSHORTSTOCK,0.0
480,NVDA,01-03-2023 03:42:00 PM,143.09,143.25,143.45,143.05,143.31944621029365,143.27594635943458,143.00516919375204,143.3199017243407,144.0834719249124,0.3535714285714237,33.33333333333334,52.607745038359795,,143.64109872369502,-5,-715.45,BUYTOCOVERSTOCK,1.2000000000000455
489,NVDA,01-03-2023 04:00:00 PM,143.15,143.17,143.23,143.07,143.19338713976384,143.2201020134015,143.0583176772754,143.30802549721233,144.0514285165237,0.3192857142857122,19.254658385092984,25.49570520698494,,143.43552763095235,5,715.75,SELLSHORTSTOCK,0.0
index,Symbol,TimeStamp,Close,Open,High,Low,ema9,ema21,ema50,ema200,vwap,ATR,K_slow,D_slow,ST_Lowerband,ST_Upperband,Position,Value,OrderType,P/L
89,SPY,12-30-2022 02:08:00 PM,378.93,378.95,379.11,378.8,379.1848623076084,379.40941786451174,379.79777050157395,380.2950074314324,379.89369872803854,0.25357142857142534,34.01324029343292,43.17831366028412,,379.3140781611629,5,1894.65,SELLSHORTSTOCK,0.0
95,SPY,12-30-2022 02:20:00 PM,378.82,378.71,378.9,378.7,378.8841610247658,379.1343706395161,379.58018748059203,380.2066800234487,379.7903915529934,0.2649999999999985,10.404523375835545,25.370152463970093,,379.05531424159574,-5,-1894.1,BUYTOCOVERSTOCK,0.5500000000001819
193,SPY,12-30-2022 05:36:00 PM,383.13,383.1,383.13,383.08,383.0728611492391,383.0218411661789,382.65508161951954,381.28816968654195,381.30413210206734,0.043571428571425486,98.57142857142986,93.86674783549797,383.01723192943876,,-5,-1915.65,BUYSTOCK,0.0
279,SPY,01-03-2023 09:04:00 AM,384.47,384.65,384.65,384.45,384.6242122170315,384.4669973304095,384.0589856712604,382.68367048120643,381.35149433957923,0.1607142857142776,73.37223587223684,87.64704648016655,384.549478231496,,5,1922.3500000000001,SELLSTOCK,6.7000000000000455
294,SPY,01-03-2023 09:34:00 AM,385.07,383.99,385.08,383.99,384.65451187912674,384.65494532407325,384.36622354934866,382.9717490464228,381.4566747338789,0.3435714285714328,39.64704661061104,55.91616705294048,384.0916989730426,,-5,-1925.35,BUYSTOCK,0.0
index,Symbol,TimeStamp,Close,Open,High,Low,ema9,ema21,ema50,ema200,vwap,ATR,K_slow,D_slow,ST_Lowerband,ST_Upperband,Position,Value,OrderType,P/L
157,NVDA,12-30-2022 03:30:00 PM,144.66,144.66,144.82,144.64,144.7075111270243,144.55462334144846,144.37030941388463,144.17178331425524,144.25163605600437,0.24928571428571494,67.61229314420719,80.1607350404756,144.65749077231476,,5,723.3,SELLSHORTSTOCK,0.0
277,NVDA,01-03-2023 08:52:00 AM,148.32,148.23,148.37,148.22,148.23204874852524,148.05600948928287,147.52658189769252,146.06944973209497,144.69854586357397,0.21000000000000188,59.80289855072396,68.29002612995482,148.06230621470147,,-5,-741.5999999999999,BUYTOCOVERSTOCK,-18.299999999999955
327,NVDA,01-03-2023 10:36:00 AM,142.16,142.3,142.46,142.09,143.13159099044657,144.21600291403834,145.70809860368146,146.1683993192831,145.1649200005716,0.615000000000003,1.134160477826267,7.904250341047413,,143.3423825979771,5,710.8,SELLSHORTSTOCK,0.0
356,NVDA,01-03-2023 11:34:00 AM,141.32,141.24,141.45,140.96,141.78322743076802,142.18843104424136,143.28912429265864,145.17940596089156,144.70818082093325,0.4271428571428544,10.691926073437125,32.72025141075032,,141.90041071236695,-5,-706.5999999999999,BUYTOCOVERSTOCK,4.2000000000000455
397,NVDA,01-03-2023 12:56:00 PM,141.75,141.59,141.85,141.59,141.8917183274178,141.93987767741953,142.16509571335243,144.0597451194162,144.37794500163963,0.2707142857142791,33.333333333333336,65.40219961902451,,142.06033234191307,5,708.75,SELLSHORTSTOCK,0.0
432,NVDA,01-03-2023 02:06:00 PM,142.4,142.27,142.5,142.26,142.4334815507378,142.37328828409707,142.28147506401226,143.52994463790552,144.22532616849455,0.28714285714285787,54.89615994706838,65.44764713185126,,142.70211996605457,-5,-712.0,BUYTOCOVERSTOCK,-3.25
471,NVDA,01-03-2023 03:24:00 PM,143.33,143.22,143.35,143.16,143.4016565303029,143.1927593842787,142.85660848217026,143.31679132549561,144.0988838509042,0.38285714285714584,65.32968213058426,76.75497264750783,,143.8473405092972,5,716.6500000000001,SELLSHORTSTOCK,0.0
480,NVDA,01-03-2023 03:42:00 PM,143.09,143.25,143.45,143.05,143.31944621029365,143.27594635943458,143.00516919375204,143.3199017243407,144.0834719249124,0.3535714285714237,33.33333333333334,52.607745038359795,,143.64109872369502,-5,-715.45,BUYTOCOVERSTOCK,1.2000000000000455
489,NVDA,01-03-2023 04:00:00 PM,143.15,143.17,143.23,143.07,143.19338713976384,143.2201020134015,143.0583176772754,143.30802549721233,144.0514285165237,0.3192857142857122,19.254658385092984,25.49570520698494,,143.43552763095235,5,715.75,SELLSHORTSTOCK,0.0
index,Symbol,TimeStamp,Close,Open,High,Low,ema9,ema21,ema50,ema200,vwap,ATR,K_slow,D_slow,ST_Lowerband,ST_Upperband,Position,Value,OrderType,P/L
109,AAPL,12-29-2022 04:00:00 PM,129.6,129.73,129.73,129.56,129.86720611284585,129.9252354723768,129.92718904429233,130.00348387899157,129.8426421878825,0.14142857142857274,12.276612276613287,57.96066212032771,,129.89728359236,5,648.0,SELLSHORTSTOCK,0.0
218,AAPL,12-30-2022 01:08:00 PM,128.77,128.8,128.87,128.74,128.83670816741875,128.84832806929634,128.80762641907083,129.09032124931812,129.03162416280708,0.14714285714286138,44.89898989899297,36.640727835850846,128.71336514809747,,-5,-643.85,BUYTOCOVERSTOCK,4.149999999999977
307,AAPL,01-03-2023 09:36:00 AM,129.88,130.03,130.22,129.75,129.70286044592575,129.40615659187026,129.02249407349555,128.86925908937164,129.01703732941036,0.33999999999999936,54.43509082853305,82.84344831278442,129.72138420767115,,5,649.4,SELLSHORTSTOCK,0.0
389,AAPL,01-03-2023 12:20:00 PM,124.8,124.79,124.85,124.75,124.85622910017628,124.90024304276614,125.28200229188401,127.04989312585535,128.07085799835124,0.16857142857143056,38.37209302325675,41.88240992604511,124.76168466957809,,-5,-624.0,BUYTOCOVERSTOCK,25.399999999999977
417,AAPL,01-03-2023 01:16:00 PM,124.21,124.24,124.3,124.2,124.41863411922314,124.52945910126645,124.78809301070099,126.44533644297164,127.88459696895345,0.1928571428571461,16.403646797482107,27.939050080398165,,124.53736844327953,5,621.05,SELLSHORTSTOCK,0.0
442,AAPL,01-03-2023 02:06:00 PM,124.73,124.69,124.8,124.68,124.66443967931733,124.60121691227286,124.65292974327889,126.02687571602551,127.73675119973386,0.20714285714285857,64.19753086419804,57.02191160177274,124.56888637262979,,-5,-623.65,BUYTOCOVERSTOCK,-2.6000000000000227
457,AAPL,01-03-2023 02:36:00 PM,124.32,124.28,124.35,124.26,124.45290737587354,124.53882509503481,124.6106741635108,125.82564961801305,127.66353380078094,0.15499999999999808,13.373493975903413,39.71978616136688,,124.53151550406777,5,621.5999999999999,SELLSHORTSTOCK,0.0
467,AAPL,01-03-2023 02:56:00 PM,124.71,124.76,124.89,124.6,124.79328105211539,124.70622586052168,124.67067205085019,125.72617969773727,127.59036765023669,0.27785714285714186,54.02298850574716,54.782884383599175,,125.07254422623761,-5,-623.55,BUYTOCOVERSTOCK,-1.9500000000000455
index,Symbol,TimeStamp,Close,Open,High,Low,ema9,ema21,ema50,ema200,vwap,ATR,K_slow,D_slow,ST_Lowerband,ST_Upperband,Position,Value,OrderType,P/L
11,TSLA,12-30-2022 12:08:00 PM,121.32,121.47,121.58,121.18,121.41027538452482,121.26836437990828,121.15040063384959,121.06346373390338,121.35154044548054,,,,121.38230747051,,5,606.5999999999999,SELLSHORTSTOCK,0.0
34,TSLA,12-30-2022 12:54:00 PM,121.54,121.58,121.69,121.52,121.72248420852827,121.70329226864656,121.52183191023364,121.2086274027643,121.59568033830125,0.26785714285714385,33.81349865607754,55.92620553994847,,121.96741579940205,-5,-607.7,BUYTOCOVERSTOCK,-1.1000000000001364
71,TSLA,12-30-2022 02:08:00 PM,121.02,120.95,121.05,120.88,121.12966579594564,121.20187267279616,121.27762402976914,121.21011803898763,121.4111352979998,0.2328571428571422,34.85151818485172,52.88455121788469,,121.25658370582276,5,605.1,SELLSHORTSTOCK,0.0
196,TSLA,12-30-2022 06:18:00 PM,122.87,122.88,122.88,122.87,122.87279753932879,122.8870371663538,122.88256895700705,122.26772465511418,121.87634330840021,0.03357142857142849,38.59649122807294,34.864912280703734,,122.90335603623166,-5,-614.35,BUYTOCOVERSTOCK,-9.25
270,TSLA,01-03-2023 08:46:00 AM,118.43,118.16,118.59,118.01,118.19582109189834,118.7632981846434,120.19397564626321,121.71805392585618,121.78910950270513,0.28428571428571353,50.43770061278104,27.312452884922315,117.86481002498816,,-5,-592.1500000000001,BUYSTOCK,0.0
286,TSLA,01-03-2023 09:18:00 AM,119.05,119.29,119.33,119.05,119.05616607457198,118.92503065125192,119.58350613632126,121.29584200049706,121.74930649730543,0.3335714285714297,83.94415357766125,82.75114404813549,118.91541599151338,,5,595.25,SELLSTOCK,3.099999999999909
295,TSLA,01-03-2023 09:36:00 AM,115.16,116.27,116.86,114.7,117.38826670051975,118.13750175610316,119.02719065183469,120.99858394748973,121.08787099386888,0.7000000000000018,13.645071636085646,53.84283192091603,,116.94325483050474,5,575.8,SELLSHORTSTOCK,0.0
297,TSLA,01-03-2023 09:40:00 AM,114.57,114.4,114.8,113.72,116.34489068833265,117.50347252570509,118.67767964438875,120.8695151829049,120.73629930087101,0.8185714285714292,11.046896769611648,39.90457044839399,,115.87480334941455,-5,-572.8499999999999,BUYTOCOVERSTOCK,2.9500000000000455
302,TSLA,01-03-2023 09:50:00 AM,113.66,114.33,114.53,113.43,115.12377218075287,116.41868918895571,117.95473783677053,120.56938056749526,120.18393583371135,1.1407142857142867,10.817671878314018,17.73271886876523,,115.40670769063145,5,568.3,SELLSHORTSTOCK,0.0
312,TSLA,01-03-2023 10:10:00 AM,111.82,112.0,112.31,111.6,112.35477302868024,113.80155257459815,116.07026498419341,119.78123268551661,119.08412873126548,0.8621428571428597,7.369910627622527,4.599589133356156,,112.76968194109187,-5,-559.0999999999999,BUYTOCOVERSTOCK,9.200000000000045
331,TSLA,01-03-2023 10:48:00 AM,111.25,111.49,111.65,111.12,111.43811123527726,111.71799515781254,113.50439011103244,118.29989702629301,117.90331825845877,0.5114285714285712,60.81300813008108,41.92493842097659,111.24600398953886,,5,556.25,SELLSHORTSTOCK,0.0
351,TSLA,01-03-2023 11:28:00 AM,108.34,108.18,108.5,108.05,108.88060180666896,109.61201621449361,111.29531314678005,116.73027685007055,116.77582380841099,0.4914285714285711,5.689738461564498,5.584076813686584,,109.04786011404883,-5,-541.7,BUYTOCOVERSTOCK,14.549999999999955
380,TSLA,01-03-2023 12:26:00 PM,106.28,105.96,106.3,105.84,106.32896433569195,106.73818942277389,108.14532487534893,114.23385987557562,115.16938465630743,0.48214285714285815,23.933404616016116,35.23647388160123,,106.54142489036907,-5,-531.4,BUYSTOCK,0.0
index,Symbol,TimeStamp,Close,Open,High,Low,ema9,ema21,ema50,ema200,vwap,ATR,K_slow,D_slow,ST_Lowerband,ST_Upperband,Position,Value,OrderType,P/L
47,QQQ,12-30-2022 12:56:00 PM,264.19,264.15,264.22,264.09,264.31067098249764,264.3270547865149,264.1774988601382,263.79899427988613,264.1400329371856,0.20357142857143426,15.794790005314796,50.537586390217626,,264.4468306255679,5,1320.95,SELLSHORTSTOCK,0.0
83,QQQ,12-30-2022 02:08:00 PM,263.1,263.1,263.22,263.0,263.3325014607762,263.48447302322404,263.711290855503,263.7540768856261,263.88928240449985,0.20142857142856688,35.44973544973646,50.313306909011416,,263.4231800572554,-5,-1315.5,BUYTOCOVERSTOCK,5.4500000000000455
89,QQQ,12-30-2022 02:20:00 PM,263.07,262.99,263.12,262.99,263.1152125429337,263.28970077418955,263.56738303015345,263.71230167978854,263.8365190989108,0.19928571428571168,10.003323841782949,27.04642179694078,,263.2449553827171,-5,-1315.35,BUYSTOCK,0.0
279,QQQ,01-03-2023 09:04:00 AM,268.44,268.57,268.57,268.39,268.5631191699205,268.38957822258294,267.9445414397314,266.5198547405034,264.7923175646507,0.15071428571429074,71.09661172161243,87.73037634546807,268.49220094102316,,5,1342.2,SELLSTOCK,26.850000000000136
292,QQQ,01-03-2023 09:30:00 AM,268.66,268.88,268.91,268.66,268.80851378127676,268.69792199432345,268.2974730011894,266.7987280424103,264.8359529473171,0.18500000000000227,48.96090534979631,80.35633650271208,,269.0169869065244,5,1343.3000000000002,SELLSHORTSTOCK,0.0
310,QQQ,01-03-2023 10:06:00 AM,265.69,265.87,265.93,265.39,266.4401981472947,267.33724604939675,267.8345875013076,266.92958288148225,265.5798695901655,0.769999999999998,5.863624624493607,13.55845593528355,,266.55913123041074,-5,-1328.45,BUYTOCOVERSTOCK,14.850000000000136
312,QQQ,01-03-2023 10:10:00 AM,265.42,265.64,265.84,265.34,266.11132681426864,267.02433557801385,267.6579640871356,266.90205518897005,265.5799594651413,0.71142857142857,5.7774176537928,7.426550723489622,,266.40334167798187,5,1327.1000000000001,SELLSHORTSTOCK,0.0
354,QQQ,01-03-2023 11:34:00 AM,263.15,263.04,263.33,262.74,263.53074407671363,263.9058257241491,264.75695577817777,265.98704614533193,265.321969992446,0.4549999999999922,14.184708294257774,16.328661074378303,,263.69197996638945,-5,-1315.75,BUYTOCOVERSTOCK,11.350000000000136
366,QQQ,01-03-2023 11:58:00 AM,262.73,262.66,262.79,262.44,262.872579931774,263.21291657789044,264.05736480785924,265.64253995563627,265.2359148124662,0.3878571428571393,16.220459601106707,14.206754098009188,,263.03673313658413,5,1313.65,SELLSHORTSTOCK,0.0
430,QQQ,01-03-2023 02:06:00 PM,263.59,263.54,263.75,263.53,263.56398863507405,263.3915493479092,263.250002922132,264.4179149239975,264.9294576842003,0.31571428571428684,67.35104648397089,76.93312355068207,263.44011509850986,,-5,-1317.9499999999998,BUYTOCOVERSTOCK,-4.299999999999727
445,QQQ,01-03-2023 02:36:00 PM,263.03,262.98,263.08,262.91,263.30282218658624,263.406192130359,263.3483901078997,264.2899326893137,264.8897666267978,0.27785714285714186,12.628205128204172,38.30290875878955,,263.4187571371183,5,1315.1499999999999,SELLSHORTSTOCK,0.0
455,QQQ,01-03-2023 02:56:00 PM,264.47,264.43,264.76,264.31,264.2557618162814,263.9217642461672,263.6207388868439,264.2749456429535,264.8691380760051,0.42428571428571005,77.3273273273269,63.903015447690834,264.1267260352964,,-5,-1322.3500000000001,BUYTOCOVERSTOCK,-7.200000000000273
480,QQQ,01-03-2023 03:46:00 PM,264.28,264.47,264.55,264.23,264.480132679117,264.46244433051686,264.19001325454934,264.32864756870197,264.8468362871366,0.3235714285714307,22.53086419753001,43.44296833064933,264.38203128536617,,5,1321.3999999999999,SELLSHORTSTOCK,0.0
495,QQQ,01-03-2023 04:16:00 PM,264.35,264.18,264.35,264.09,264.2813887040818,264.34116815591864,264.25096550711737,264.3301029502116,264.823769043548,0.2907142857142893,33.9682539682534,25.539959978592684,,264.46400636240344,-5,-1321.75,BUYTOCOVERSTOCK,-0.3500000000001364
index,Symbol,TimeStamp,Close,Open,High,Low,ema9,ema21,ema50,ema200,vwap,ATR,K_slow,D_slow,ST_Lowerband,ST_Upperband,Position,Value,OrderType,P/L
22,NFLX,12-30-2022 09:36:00 AM,284.56,285.72,285.75,284.24,285.87945038931906,286.3116485259963,286.46914260164465,286.49798687775035,285.0289853211961,0.7714285714285681,28.526645768025343,,,285.7773324202339,5,1422.8,SELLSHORTSTOCK,0.0
122,NFLX,12-30-2022 12:56:00 PM,290.77,290.59,290.82,290.54,291.0787475772288,291.13969012264465,290.64116755156874,288.4605194053801,287.9991289538094,0.42714285714285843,18.598575042785725,59.65823157756431,,291.3090073898948,-5,-1453.85,BUYTOCOVERSTOCK,-31.049999999999955
136,NFLX,12-30-2022 01:24:00 PM,289.93,289.73,290.09,289.65,290.4109334977008,290.7105413260818,290.64071003401585,288.7510296679254,288.144282105307,0.42571428571428427,6.529785599553494,19.08346280439312,,290.5200629411589,5,1449.65,SELLSHORTSTOCK,0.0
148,NFLX,12-30-2022 01:48:00 PM,290.41,290.6,290.6,290.28,290.67485231850526,290.6851729999504,290.64235933267554,288.9628676253625,288.3239882529943,0.4757142857142875,60.5256874789202,62.26494789057701,290.46686620920474,,-5,-1452.0500000000002,BUYTOCOVERSTOCK,-2.400000000000091
299,NFLX,01-03-2023 09:36:00 AM,294.75,295.92,296.18,294.26,296.53016275117716,296.7885384932414,296.442752917199,293.7147650679927,290.69103347897766,1.145000000000002,33.107293062863626,71.81135764435953,,296.69162845683655,5,1473.75,SELLSHORTSTOCK,0.0
306,NFLX,01-03-2023 09:50:00 AM,292.92,295.89,296.0,292.81,295.6319670593957,296.22405774816747,296.2658530105285,293.85323845600493,290.971362328501,1.5599999999999983,29.217539822471693,48.494202653953714,,296.10635099344444,-5,-1464.6000000000001,BUYTOCOVERSTOCK,9.149999999999864
320,NFLX,01-03-2023 10:18:00 AM,291.25,291.02,291.49,290.99,291.6017501154797,292.80411241678667,294.29172043398285,293.5728089922637,291.0379783613068,1.0250000000000057,9.713601874149665,13.474750914994393,,292.17929593370303,5,1456.25,SELLSHORTSTOCK,0.0
345,NFLX,01-03-2023 11:08:00 AM,291.52,291.71,291.8,291.31,290.94299015027934,290.6843144178859,291.72910848846766,292.81036922328644,290.9732185578853,0.7221428571428541,86.83127572016492,54.25188049857151,290.5689056465072,,-5,-1457.6,BUYTOCOVERSTOCK,-1.349999999999909
359,NFLX,01-03-2023 11:36:00 AM,290.68,291.31,291.47,290.68,291.58067797714443,291.42229578102655,291.7104872658048,292.66211879445063,290.99713611971197,0.7664285714285768,60.80402010050264,85.86914925740376,,292.1435543806449,5,1453.4,SELLSHORTSTOCK,0.0
393,NFLX,01-03-2023 12:44:00 PM,293.18,293.42,293.43,293.09,293.3521289407103,293.0209592202016,292.5234133514202,292.64463875970137,291.09370368091913,0.5321428571428604,65.56737588652443,74.52202500895729,293.0536868999335,,-5,-1465.9,BUYTOCOVERSTOCK,-12.5
406,NFLX,01-03-2023 01:10:00 PM,292.59,292.72,292.86,292.49,292.6993114779997,292.71864697774305,292.5363215203457,292.63088200586935,291.1183542422082,0.5107142857142881,37.00787401574765,32.992125984252134,292.3697115917355,,5,1462.9499999999998,SELLSHORTSTOCK,0.0
413,NFLX,01-03-2023 01:24:00 PM,292.88,292.5,293.0,292.5,292.6801653664711,292.70995697925724,292.5802230055211,292.6372677030404,291.13063278272296,0.5457142857142888,42.688442813632086,42.7448673114006,292.3766972503752,,-5,-1464.4,BUYTOCOVERSTOCK,-1.4500000000002728
431,NFLX,01-03-2023 02:00:00 PM,294.74,294.13,294.94,294.13,294.3671363995969,293.99829674154876,293.4210840189175,292.8920129452359,291.2250218069778,0.5121428571428582,74.64008859357652,82.77063372084868,294.1888420805221,,-5,-1473.7,BUYSTOCK,0.0
491,NFLX,01-03-2023 04:00:00 PM,294.9,295.17,295.21,294.82,295.41959377756524,295.68175603226484,295.5267939735988,294.12497366166673,291.82329664750796,0.49857142857143394,7.7925908726386295,12.327972868403876,,295.67254376297467,5,1474.5,SELLSTOCK,0.7999999999999545
index,Symbol,TimeStamp,Close,Open,High,Low,ema9,ema21,ema50,ema200,vwap,ATR,K_slow,D_slow,ST_Lowerband,ST_Upperband,Position,Value,OrderType,P/L
18,SPY,12-30-2022 05:36:00 PM,383.13,383.1,383.13,383.08,383.0734250143795,383.0481579888595,383.03908522500205,383.0386828687971,383.0200814513143,0.043571428571425486,,,383.0469272619633,,-5,-1915.65,BUYSTOCK,0.0
104,SPY,01-03-2023 09:04:00 AM,384.47,384.65,384.65,384.45,384.6242122170342,384.4670045824886,384.07129297843284,383.4244159757596,384.0767346687785,0.1607142857142776,73.37223587223683,87.64704648016654,384.54947897274815,,5,1922.3500000000001,SELLSTOCK,6.7000000000000455
119,SPY,01-03-2023 09:34:00 AM,385.07,383.99,385.08,383.99,384.65451187912697,384.65494706016324,384.3729774022744,383.60931380511715,384.3494623588168,0.3435714285714328,39.64704661061102,55.916167052940466,384.09169842568804,,-5,-1925.35,BUYSTOCK,0.0
407,SPY,01-03-2023 07:42:00 PM,380.64,380.73,380.73,380.64,380.8316863764059,380.82667223811126,380.7338308868233,380.58476295419683,380.8042822983765,0.09928571428572143,8.989898989899471,72.3734212056331,,380.87486280718105,5,1903.1999999999998,SELLSTOCK,-22.15000000000009
448,SPY,01-04-2023 09:06:00 AM,382.62,382.5,382.63,382.5,382.78061836941737,382.7493160574935,382.25269960872964,381.20413243252585,380.82423404141133,0.18857142857143167,12.666666666667782,61.394825215235834,,382.8674695985503,5,1913.1,SELLSHORTSTOCK,0.0
453,SPY,01-04-2023 09:16:00 AM,382.49,382.54,382.6,382.48,382.6428170272908,382.68675696362845,382.3134305506182,381.2716950152987,380.8278266673743,0.18214285714286202,13.194444444442672,27.644404304319515,,382.764733391431,-5,-1912.45,BUYTOCOVERSTOCK,0.6499999999998636
456,SPY,01-04-2023 09:22:00 AM,382.69,382.48,382.69,382.46,382.5884023179729,382.64503904104316,382.33608590097083,381.3083203824284,380.8293453912496,0.20285714285714512,17.18213058419297,13.528509475042593,,382.6446667814696,-5,-1913.45,BUYSTOCK,0.0
index,Symbol,TimeStamp,Close,Open,High,Low,ema9,ema21,ema50,ema200,vwap,ATR,K_slow,D_slow,ST_Lowerband,ST_Upperband,Position,Value,OrderType,P/L
103,QQQ,01-03-2023 09:04:00 AM,268.44,268.57,268.57,268.39,268.56311916991893,268.38957740106946,267.951130343147,267.1684934527272,267.98068483620244,0.15071428571429074,71.09661172161243,87.73037634546807,268.49219717458465,,5,1342.2,SELLSHORTSTOCK,0.0
116,QQQ,01-03-2023 09:30:00 AM,268.66,268.88,268.91,268.66,268.80851378127664,268.6979217563603,268.3013899680075,267.36829411489276,268.20150706892434,0.18500000000000227,48.96090534979631,80.35633650271208,,269.01698762299037,-5,-1343.3000000000002,BUYTOCOVERSTOCK,-1.1000000000001364
134,QQQ,01-03-2023 10:06:00 AM,265.69,265.87,265.93,265.39,266.4401981472947,267.33724600659707,267.8364939106749,267.4053237416349,267.8195339589429,0.769999999999998,5.863624624493607,13.55845593528355,,266.5591317815146,5,1328.45,SELLSHORTSTOCK,0.0
136,QQQ,01-03-2023 10:10:00 AM,265.42,265.64,265.84,265.34,266.11132681426864,267.0243355426422,267.65972390600945,267.36837567120824,267.7180085553934,0.71142857142857,5.7774176537928,7.426550723489622,,266.40334215249777,-5,-1327.1000000000001,BUYTOCOVERSTOCK,1.349999999999909
178,QQQ,01-03-2023 11:34:00 AM,263.15,263.04,263.33,262.74,263.53074407671363,263.9058257235032,264.7572836891404,266.2934394628066,266.1545730122511,0.4549999999999922,14.184708294257774,16.328661074378303,,263.6919799695524,5,1315.75,SELLSHORTSTOCK,0.0
190,QQQ,01-03-2023 11:58:00 AM,262.73,262.66,262.79,262.44,262.872579931774,263.2129165776846,264.05756770072827,265.91428617882764,265.8985816361747,0.3878571428571393,16.220459601106707,14.206754098009188,,263.0367331372242,-5,-1313.65,BUYTOCOVERSTOCK,2.099999999999909
254,QQQ,01-03-2023 02:06:00 PM,263.59,263.54,263.75,263.53,263.56398863507405,263.3915493479087,263.2500186013585,264.56120388452723,265.1459397232066,0.31571428571428684,67.35104648397089,76.93312355068207,263.44011509850907,,5,1317.9499999999998,SELLSHORTSTOCK,0.0
269,QQQ,01-03-2023 02:36:00 PM,263.03,262.98,263.08,262.91,263.30282218658624,263.406192130359,263.34839871215297,264.4132624864106,265.0621512973292,0.27785714285714186,12.628205128204172,38.30290875878955,,263.41875713711846,-5,-1315.1499999999999,BUYTOCOVERSTOCK,2.7999999999999545
279,QQQ,01-03-2023 02:56:00 PM,264.47,264.43,264.76,264.31,264.2557618162814,263.9217642461672,263.6207446541397,264.38653896512983,265.0132129563047,0.42428571428571005,77.3273273273269,63.903015447690834,264.12672603529626,,5,1322.3500000000001,SELLSHORTSTOCK,0.0
304,QQQ,01-03-2023 03:46:00 PM,264.28,264.47,264.55,264.23,264.480132679117,264.46244433051686,264.190015375936,264.4155563543356,264.95754652184235,0.3235714285714307,22.53086419753001,43.44296833064933,264.38203128536617,,-5,-1321.3999999999999,BUYTOCOVERSTOCK,0.9500000000002728
319,QQQ,01-03-2023 04:16:00 PM,264.35,264.18,264.35,264.09,264.2813887040818,264.34116815591864,264.25096667126587,264.40490594172263,264.9103481963124,0.2907142857142893,33.9682539682534,25.539959978592684,,264.46400636240344,5,1321.75,SELLSHORTSTOCK,0.0
331,QQQ,01-03-2023 04:40:00 PM,264.26,264.36,264.36,264.26,264.34504898055513,264.3607621525489,264.29970217237366,264.4024823919479,264.90192959877163,0.10642857142858426,48.94909688013232,51.57303370786552,,264.4621518195997,-5,-1321.3,BUYTOCOVERSTOCK,0.4500000000000455
368,QQQ,01-03-2023 06:14:00 PM,264.35,264.35,264.35,264.35,264.3403311264332,264.35723144467556,264.3538723781725,264.3943415167042,264.89942241696133,0.05785714285715114,74.6341463414696,56.077024351804745,264.2629854752035,,-5,-1321.75,BUYSTOCK,0.0
404,QQQ,01-03-2023 07:38:00 PM,264.71,264.72,264.74,264.71,264.7749355630952,264.70092210135164,264.57671258645354,264.45679816417004,264.8986585191477,0.06000000000001039,65.04065040649643,91.66677170647583,,264.8486414206273,5,1323.55,SELLSTOCK,1.7999999999999545
434,QQQ,01-04-2023 08:38:00 AM,266.5,266.37,266.53,266.37,266.5350697929604,266.19087275571667,265.56965546121285,264.80474437762865,264.91550333908754,0.2085714285714297,80.61021877105132,91.93900854471663,,266.77151928699936,5,1332.5,SELLSHORTSTOCK,0.0
448,QQQ,01-04-2023 09:06:00 AM,266.08,266.0,266.12,265.96,266.2669419790443,266.30207683575816,265.91886916043126,265.0140409647544,264.9274180892417,0.18071428571428377,9.980284938435362,38.6824206227416,,266.3342846140966,-5,-1330.3999999999999,BUYTOCOVERSTOCK,2.1000000000001364
463,QQQ,01-04-2023 09:36:00 AM,266.02,264.97,266.15,264.9,265.9619595607954,266.0951606506804,265.9834323117919,265.16220259607815,264.9686845751722,0.39857142857142336,24.007583836946953,30.280483531954623,,266.05186079131397,-5,-1330.1,BUYSTOCK,0.0
index,Symbol,TimeStamp,Close,Open,High,Low,ema9,ema21,ema50,ema200,vwap,ATR,K_slow,D_slow,ST_Lowerband,ST_Upperband,Position,Value,OrderType,P/L
34,AAPL,12-30-2022 07:02:00 PM,130.0,129.99,130.0,129.99,130.0048273879029,129.9922242821039,129.99446073593023,130.0203207711132,129.98081571244907,0.02000000000000211,60.606060606049645,72.0707070707024,,130.03152927754553,5,650.0,SELLSHORTSTOCK,0.0
189,AAPL,01-03-2023 12:20:00 PM,124.8,124.79,124.85,124.75,124.85622910782902,124.90073684016909,125.34142421172764,127.67055585279626,126.56786046690398,0.16857142857143056,38.37209302325673,41.88240992604509,124.76164662665677,,-5,-624.0,BUYTOCOVERSTOCK,26.0
217,AAPL,01-03-2023 01:16:00 PM,124.21,124.24,124.3,124.2,124.41863411923795,124.52949334283235,124.80747828672456,126.9144221463701,126.30648670485044,0.1928571428571461,16.40364679748209,27.93905008039814,,124.53736989469516,5,621.05,SELLSHORTSTOCK,0.0
242,AAPL,01-03-2023 02:06:00 PM,124.73,124.69,124.8,124.68,124.66443967931738,124.60122007263239,124.66006023676532,126.3921992680569,126.12559134054483,0.20714285714285857,64.19753086419803,57.021911601772715,124.56888624399146,,-5,-623.65,BUYTOCOVERSTOCK,-2.6000000000000227
257,AAPL,01-03-2023 02:36:00 PM,124.32,124.28,124.35,124.26,124.45290737587354,124.53882585159974,124.61458714818082,126.14008612017062,126.04442796472773,0.15499999999999808,13.373493975903394,39.719786161366855,,124.53151552552094,5,621.5999999999999,SELLSHORTSTOCK,0.0
267,AAPL,01-03-2023 02:56:00 PM,124.71,124.76,124.89,124.6,124.79328105211539,124.70622615221022,124.67329486299371,126.01069337338741,125.9769806672089,0.27785714285714186,54.02298850574714,54.78288438359915,,125.07254423371793,-5,-623.55,BUYTOCOVERSTOCK,-1.9500000000000455
301,AAPL,01-03-2023 04:04:00 PM,124.93,124.9,125.07,124.85,125.03460726725623,124.952196714613,124.83373623943442,125.67350909959497,125.67677087504117,0.22571428571428548,54.16666666666612,77.92661082878422,,125.20934314088059,5,624.6500000000001,SELLSHORTSTOCK,0.0
363,AAPL,01-03-2023 06:14:00 PM,124.84,124.88,124.88,124.84,124.89843935479267,124.9113398753457,124.9262145625768,125.34259769372501,125.67136400560594,0.04928571428571615,49.99999999999999,54.98351940457458,,124.9339332771418,-5,-624.2,BUYTOCOVERSTOCK,0.4500000000000455
443,AAPL,01-04-2023 08:56:00 AM,126.16,126.32,126.32,126.16,126.33705453043478,126.23378955867412,125.86389902016742,125.45527699641659,125.67327568487485,0.14357142857142893,41.91919191919204,75.25641394335068,,126.450799520708,5,630.8,SELLSHORTSTOCK,0.0
463,AAPL,01-04-2023 09:36:00 AM,127.37,126.32,127.44,126.25,126.61835700322794,126.44580666695798,126.17100102374316,125.62489968559795,125.720030552754,0.4049999999999981,53.001478369125756,43.441328551622846,126.404539187278,,-5,-636.85,BUYTOCOVERSTOCK,-6.050000000000068
469,AAPL,01-04-2023 09:48:00 AM,126.58,126.17,126.6,126.1,126.65344833825421,126.56824853728318,126.29572997533029,125.691663844809,125.76325545586205,0.558571428571427,26.923076923076973,59.498161582140014,,126.97924600471161,-5,-632.9,BUYSTOCK,0.0
index,Symbol,TimeStamp,Close,Open,High,Low,ema9,ema21,ema50,ema200,vwap,ATR,K_slow,D_slow,ST_Lowerband,ST_Upperband,Position,Value,OrderType,P/L
16,NVDA,12-30-2022 03:30:00 PM,144.66,144.66,144.82,144.64,144.70916436583374,144.56270075146793,144.3402587040017,144.1243400473046,144.6748070178801,0.24928571428571494,,,144.60557577556503,,5,723.3,SELLSHORTSTOCK,0.0
128,NVDA,01-03-2023 08:52:00 AM,148.32,148.23,148.37,148.22,148.23204874598522,148.05595275970435,147.51753348822035,145.99513025721606,145.55472492849822,0.21000000000000188,59.80289855072396,68.29002612995482,148.06215360131017,,-5,-741.5999999999999,BUYTOCOVERSTOCK,-18.299999999999955
178,NVDA,01-03-2023 10:36:00 AM,142.16,142.3,142.46,142.09,143.13159099044657,144.21600243078458,145.7068743612093,146.12332246697878,145.86899901963932,0.615000000000003,1.134160477826267,7.904250341047413,,143.3423832386154,5,710.8,SELLSHORTSTOCK,0.0
207,NVDA,01-03-2023 11:34:00 AM,141.32,141.24,141.45,140.96,141.78322743076802,142.18843101377735,143.28874056892965,145.14567667608492,144.99070443228246,0.4271428571428544,10.691926073437125,32.72025141075032,,141.90041074245838,-5,-706.5999999999999,BUYTOCOVERSTOCK,4.2000000000000455
248,NVDA,01-03-2023 12:56:00 PM,141.75,141.59,141.85,141.59,141.8917183274178,141.93987767680764,142.16502129488578,144.03736074759863,144.462127179922,0.2707142857142791,33.333333333333336,65.40219961902451,,142.0603323423125,5,708.75,SELLSHORTSTOCK,0.0
283,NVDA,01-03-2023 02:06:00 PM,142.4,142.27,142.5,142.26,142.4334815507378,142.37328828407527,142.28145671607035,143.5141706836979,144.2381445937385,0.28714285714285787,54.89615994706838,65.44764713185126,,142.70211996606457,-5,-712.0,BUYTOCOVERSTOCK,-3.25
322,NVDA,01-03-2023 03:24:00 PM,143.33,143.22,143.35,143.16,143.4016565303029,143.1927593842782,142.85660462740793,143.30611149607128,144.0649059220823,0.38285714285714584,65.32968213058426,76.75497264750783,,143.84734050929734,5,716.6500000000001,SELLSHORTSTOCK,0.0
331,NVDA,01-03-2023 03:42:00 PM,143.09,143.25,143.45,143.05,143.31944621029365,143.27594635943439,143.00516650450473,143.31014110249694,144.04509880532964,0.3535714285714237,33.33333333333334,52.607745038359795,,143.6410987236951,-5,-715.45,BUYTOCOVERSTOCK,1.2000000000000455
340,NVDA,01-03-2023 04:00:00 PM,143.15,143.17,143.23,143.07,143.19338713976384,143.22010201340137,143.05831580114128,143.29910496721217,144.00425162293112,0.3192857142857122,19.254658385092984,25.49570520698494,,143.43552763095238,5,715.75,SELLSHORTSTOCK,0.0
383,NVDA,01-03-2023 06:04:00 PM,143.17,143.14,143.17,143.14,143.16293126803652,143.17099820546218,143.14386172603312,143.24693485651486,143.96234880815422,0.014285714285717534,6.944444444441818,33.825763551568954,,143.18565774776744,-5,-715.8499999999999,BUYTOCOVERSTOCK,-0.09999999999990905
434,NVDA,01-04-2023 08:38:00 AM,145.54,145.61,145.61,145.53,145.67278575483812,145.241736665065,144.4501606909796,143.6240122373224,143.9654016651848,0.2250000000000065,85.69892473118233,92.65121713843021,,145.95396401293556,5,727.6999999999999,SELLSHORTSTOCK,0.0
445,NVDA,01-04-2023 09:00:00 AM,146.01,145.8,146.01,145.8,145.78649976079691,145.6023217973446,144.92941365008477,143.85023348587507,143.96664141496842,0.20785714285714668,58.92515177443608,70.84008991915226,,145.9100261422743,-5,-730.05,BUYTOCOVERSTOCK,-2.3500000000000227
448,NVDA,01-04-2023 09:06:00 AM,145.76,145.65,145.86,145.65,145.75084787752803,145.6294378642709,145.0177552111844,143.90520231428115,143.96674134626468,0.20642857142857451,33.663624511081615,60.33498363524917,,145.9100261422743,-5,-728.8,BUYSTOCK,0.0
index,Symbol,TimeStamp,Close,Open,High,Low,ema9,ema21,ema50,ema200,vwap,ATR,K_slow,D_slow,ST_Lowerband,ST_Upperband,Position,Value,OrderType,P/L
34,NFLX,12-30-2022 12:56:00 PM,290.77,290.59,290.82,290.54,291.07894892282764,291.174153141646,291.15745245424677,291.14435098821303,291.1606530019604,0.42714285714285843,18.598575042785715,59.6582315775643,,291.30620071627123,5,1453.85,SELLSHORTSTOCK,0.0
48,NFLX,12-30-2022 01:24:00 PM,289.93,289.73,290.09,289.65,290.4109423529739,290.7196165161025,290.93559462579606,291.0842380347659,291.01497419862415,0.42571428571428427,6.529785599553485,19.083462804393115,,290.5192697078614,-5,-1449.65,BUYTOCOVERSTOCK,4.199999999999818
60,NFLX,12-30-2022 01:48:00 PM,290.41,290.6,290.6,290.28,290.674852927035,290.68806463516745,290.824817340079,291.0322357396326,290.92045158081424,0.4757142857142875,60.52568747892019,62.264947890577005,290.4670614133942,,5,1452.0500000000002,SELLSHORTSTOCK,0.0
211,NFLX,01-03-2023 09:36:00 AM,294.75,295.92,296.18,294.26,296.53016275117716,296.78853849486643,296.44318710180477,294.17190338005963,292.939899432715,1.145000000000002,33.10729306286361,71.8113576443595,,296.69162845695456,-5,-1473.75,BUYTOCOVERSTOCK,-21.699999999999818
218,NFLX,01-03-2023 09:50:00 AM,292.92,295.89,296.0,292.81,295.6319670593957,296.2240577490013,296.26618114794064,294.2794711443789,293.18721362942114,1.5599999999999983,29.217539822471682,48.49420265395371,,296.1063509935311,5,1464.6000000000001,SELLSHORTSTOCK,0.0
232,NFLX,01-03-2023 10:18:00 AM,291.25,291.02,291.49,290.99,291.6017501154797,292.80411241700625,294.2919078550489,293.9433574577844,293.01788045547636,1.0250000000000057,9.713601874149655,13.474750914994383,,292.17929593372094,-5,-1456.25,BUYTOCOVERSTOCK,8.350000000000136
257,NFLX,01-03-2023 11:08:00 AM,291.52,291.71,291.8,291.31,290.94299015027934,290.68431441790625,291.72917742762996,293.0989520571759,292.7249937702388,0.7221428571428541,86.83127572016492,54.251880498571495,290.56890564650666,,5,1457.6,SELLSHORTSTOCK,0.0
271,NFLX,01-03-2023 11:36:00 AM,290.68,291.31,291.47,290.68,291.58067797714443,291.4222957810319,291.71052664153825,292.9130003649875,292.6746366995472,0.7664285714285768,60.80402010050263,85.86914925740375,,292.143554380645,-5,-1453.4,BUYTOCOVERSTOCK,4.199999999999818
305,NFLX,01-03-2023 12:44:00 PM,293.18,293.42,293.43,293.09,293.3521289407103,293.02095922020163,292.5234234557936,292.82320831018217,292.6650617191844,0.5321428571428604,65.56737588652442,74.52202500895727,293.0536868999335,,5,1465.9,SELLSHORTSTOCK,0.0
318,NFLX,01-03-2023 01:10:00 PM,292.59,292.72,292.86,292.49,292.6993114779997,292.71864697774305,292.53632752718676,292.7876829423778,292.66099002345834,0.5107142857142881,37.00787401574764,32.99212598425213,292.3697115917355,,-5,-1462.9499999999998,BUYTOCOVERSTOCK,2.950000000000273
325,NFLX,01-03-2023 01:24:00 PM,292.88,292.5,293.0,292.5,292.6801653664711,292.70995697925724,292.5802275452244,292.7834678419117,292.6621872064949,0.5457142857142888,42.68844281363207,42.74486731140058,292.3766972503752,,-5,-1464.4,BUYSTOCK,0.0
403,NFLX,01-03-2023 04:00:00 PM,294.9,295.17,295.21,294.82,295.41959377756524,295.68175603226484,295.5267941739758,294.19199224855004,293.24231737495387,0.49857142857143394,7.79259087263862,12.327972868403867,,295.67254376297467,5,1474.5,SELLSTOCK,10.099999999999909
463,NFLX,01-04-2023 09:36:00 AM,298.23,295.99,298.57,295.94,297.3335752151929,297.1845531589429,296.5691118562066,295.07498473939455,293.4518770518963,0.8235714285714347,39.11972396084123,58.012311547404195,,297.43967981936714,-5,-1491.15,BUYSTOCK,0.0
index,Symbol,TimeStamp,Close,Open,High,Low,ema9,ema21,ema50,ema200,vwap,ATR,K_slow,D_slow,ST_Lowerband,ST_Upperband,Position,Value,OrderType,P/L
76,TSLA,01-03-2023 08:46:00 AM,118.43,118.16,118.59,118.01,118.19582109181762,118.7632841647857,120.1933441101128,122.00545310319258,119.1559811754842,0.28428571428571353,50.43770061278102,27.312452884922305,117.86469583316061,,-5,-592.1500000000001,BUYSTOCK,0.0
92,TSLA,01-03-2023 09:18:00 AM,119.05,119.29,119.33,119.05,119.0561660745697,118.92502760012242,119.5831731605156,121.54074709787304,119.07538743169589,0.3335714285714297,83.94415357766125,82.75114404813547,118.91539085380666,,5,595.25,SELLSTOCK,3.099999999999909
101,TSLA,01-03-2023 09:36:00 AM,115.16,116.27,116.86,114.7,117.38826670051944,118.13750046212641,119.02695835365117,121.22241018554124,116.91087378365634,0.7000000000000018,13.645071636085637,53.84283192091603,,116.94327566909828,5,575.8,SELLSHORTSTOCK,0.0
103,TSLA,01-03-2023 09:40:00 AM,114.57,114.4,114.8,113.72,116.34489068833246,117.50347145630282,118.67746520842616,121.088909327928,116.27401212450188,0.8185714285714292,11.046896769611637,39.90457044839398,,115.87482409178091,-5,-572.8499999999999,BUYTOCOVERSTOCK,2.9500000000000455
108,TSLA,01-03-2023 09:50:00 AM,113.66,114.33,114.53,113.43,115.1237721807528,116.41868852494103,117.95456227613619,120.7780746468472,115.75840991824563,1.1407142857142867,10.817671878314009,17.73271886876522,,115.4067202417091,5,568.3,SELLSHORTSTOCK,0.0
118,TSLA,01-03-2023 10:10:00 AM,111.82,112.0,112.31,111.6,112.35477302868021,113.80155231859176,116.0701473086586,119.97006674007265,114.48636871585039,0.8621428571428597,7.3699106276225175,4.599589133356146,,112.7696860629716,-5,-559.0999999999999,BUYTOCOVERSTOCK,9.200000000000045
137,TSLA,01-03-2023 10:48:00 AM,111.25,111.49,111.65,111.12,111.43811123527726,111.71799511595344,113.50433508371324,118.4560548252539,113.44104956239202,0.5114285714285712,60.81300813008107,41.92493842097658,111.24600360167952,,5,556.25,SELLSHORTSTOCK,0.0
157,TSLA,01-03-2023 11:28:00 AM,108.34,108.18,108.5,108.05,108.88060180666896,109.6120162082715,111.29528842404962,116.85812782932447,112.48857720503717,0.4914285714285711,5.689738461564488,5.584076813686575,,109.04786014822584,-5,-541.7,BUYTOCOVERSTOCK,14.549999999999955
186,TSLA,01-03-2023 12:26:00 PM,106.28,105.96,106.3,105.84,106.32896433569195,106.73818942238164,108.14531712631349,114.32952587423402,111.00810485260948,0.48214285714285815,23.933404616016105,35.23647388160122,,106.54142489206723,-5,-531.4,BUYSTOCK,0.0
337,TSLA,01-03-2023 05:28:00 PM,107.81,107.83,107.83,107.8,107.89758821663004,107.93865242381794,107.92311643322215,108.99791798809986,109.21648420526247,0.052142857142855395,5.331890331893086,26.955871289205504,,107.91662405215328,5,539.05,SELLSTOCK,7.649999999999977
362,TSLA,01-03-2023 06:18:00 PM,107.81,107.81,107.86,107.8,107.83513050188382,107.8582471371591,107.88245040384541,108.74695651401606,109.214937936656,0.04000000000000016,8.771929824563507,22.982456140351196,,107.87113482246608,5,539.05,SELLSHORTSTOCK,0.0
432,TSLA,01-04-2023 08:38:00 AM,109.4,109.15,109.49,109.1,109.43338863730557,109.10871676467306,108.50494982843315,108.43251954498601,109.21039132239909,0.22642857142857256,73.04526748971215,77.31481481481498,,109.6236209756731,-5,-547.0,BUYTOCOVERSTOCK,-7.9500000000000455
488,TSLA,01-04-2023 10:30:00 AM,110.72,109.78,110.72,109.51,110.1431201335591,109.9131414868075,109.58565764385588,108.9052364443251,109.3844158533423,0.9357142857142833,54.420289855072504,42.33683102871841,109.5038131070811,,-5,-553.6,BUYSTOCK,0.0
